序號,年度,職類別,行業別,7月底受僱員工人數,7月經常性薪資（金額元）,113年1月至113年12月全年薪資所得（金額萬元）
1,2025,主管及監督人員,C000000000,265152,84598,151.5
2,2025,高階主管(總經理及總執行長),C000000000,23811,157798,298.9
3,2025,中階主管(經理),C000000000,86297,101419,182.1
4,2025,監督人員(含現場及辦公室主任、科/股長),C000000000,155044,63995,109.5
5,2025,專業人員,C000000000,310756,68821,126.4
6,2025,數理工程及地球科學研究人員,C000000000,---,---,---
7,2025,統計及精算專業人員,C000000000,-,-,-
8,2025,生命科學及生物科技專業人員(含生態環境),C000000000,1689,51632,68.9
9,2025,農、林、漁、牧業專業人員,C000000000,317,62248,88.5
10,2025,品管、工管及生管工程師,C000000000,48287,59987,101.3
11,2025,土木及水利工程師,C000000000,388,58054,99.6
12,2025,環境工程師,C000000000,807,63423,104.1
13,2025,航空機械工程師,C000000000,1208,73428,118
14,2025,冷凍空調工程師,C000000000,1522,70684,127.2
15,2025,機械工程師(含造船、輪機、鑄造),C000000000,37011,62170,111.3
16,2025,食品工程師,C000000000,1444,56130,78.3
17,2025,化學工程師,C000000000,16434,69725,129.2
18,2025,地質、採礦、鑽探、冶金工程師,C000000000,228,79918,138
19,2025,紡織工程師,C000000000,1161,49663,69.5
20,2025,醫療器材、醫學工程師,C000000000,1205,52481,77.5
21,2025,生物科學工程師,C000000000,-,-,-
22,2025,光學工程師,C000000000,4491,70007,112.3
23,2025,電機、電子工程師,C000000000,97508,76071,156.5
24,2025,電信工程師,C000000000,6601,111129,220.2
25,2025,建築工程師(含建築師),C000000000,77,62788,110.6
26,2025,景觀設計師、都市及交通規劃師,C000000000,---,---,---
27,2025,測量師及製圖師,C000000000,---,---,---
28,2025,室內設計師,C000000000,---,---,---
29,2025,平面及多媒體設計師,C000000000,868,44436,58.8
30,2025,產品及服裝設計師(含工業設計),C000000000,14724,58691,91.9
31,2025,醫師,C000000000,---,---,---
32,2025,護理人員,C000000000,894,48331,82.2
33,2025,獸醫師,C000000000,---,---,---
34,2025,藥事人員(含藥師),C000000000,522,56377,78.7
35,2025,勞安及衛生管理人員(含工業安全管理師),C000000000,8035,56852,88.2
36,2025,營養師,C000000000,---,---,---
37,2025,其他醫療保健專業人員,C000000000,-,-,-
38,2025,學前教育人員,C000000000,---,---,---
39,2025,補教業教師,C000000000,-,-,-
40,2025,會(審)計師,C000000000,206,73425,123.4
41,2025,風險控管人員,C000000000,---,---,---
42,2025,財務及投資規劃分析人員,C000000000,821,68338,117.7
43,2025,專案管理師(含經營管理顧問),C000000000,11540,70318,111.1
44,2025,稽核人員,C000000000,1037,65172,103.7
45,2025,人力資源管理師,C000000000,6236,55597,87.4
46,2025,廣告及行銷專業人員(含企劃),C000000000,12084,57891,93.4
47,2025,公關專業人員,C000000000,251,70789,115.4
48,2025,資訊及通訊專業人員(含系統分析、程式設計、資料庫及網路專業人員),C000000000,32407,76442,144.4
49,2025,律師,C000000000,129,85068,151.9
50,2025,專利工程師及公證人,C000000000,296,75231,139
51,2025,社工師、心理專業人員,C000000000,---,---,---
52,2025,編輯、作家及有關撰稿人員,C000000000,---,---,---
53,2025,翻譯人員,C000000000,131,49970,76.4
54,2025,電影、舞台及有關導演與製作人,C000000000,-,-,-
55,2025,其他專業人員,C000000000,-,-,-
56,2025,技術員及助理專業人員,C000000000,437155,46110,76.6
57,2025,物理、化學及地球科學技術員,C000000000,50,38908,60.6
58,2025,營建工程技術員(含建築、土木、景觀、測量、水利、消防),C000000000,462,57717,91.5
59,2025,電機、電子技術員,C000000000,88780,46722,90.7
60,2025,航空機械技術員,C000000000,2042,65058,108.5
61,2025,冷凍空調技術員,C000000000,413,47654,76.6
62,2025,機械技術員(含造船、輪機、鑄造),C000000000,58467,44780,75.8
63,2025,食品技術員,C000000000,6043,39712,53.9
64,2025,化工技術員,C000000000,22725,48983,80.2
65,2025,品管、工管及生管技術員,C000000000,94657,41260,66.7
66,2025,製圖員,C000000000,15301,39905,54.2
67,2025,地質、採礦、鑽探、冶金技術員,C000000000,---,---,---
68,2025,環境工程技術員,C000000000,1939,47488,74.8
69,2025,紡織技術員,C000000000,6154,37136,50.5
70,2025,發電設備操作員,C000000000,-,-,-
71,2025,焚化爐、水處理及氣(液)體設備操作員,C000000000,1921,51411,76.9
72,2025,化學加工設備控制員,C000000000,-,-,-
73,2025,石油及天然氣精煉設備操作員,C000000000,-,-,-
74,2025,金屬生產製程控制員,C000000000,-,-,-
75,2025,生命科學技術員,C000000000,422,39156,51.5
76,2025,農業技術及農業推廣人員,C000000000,1213,52541,83.8
77,2025,船舶監管人員(含引水人員),C000000000,---,---,---
78,2025,航空駕駛員,C000000000,---,---,---
79,2025,醫療設備控制技術員,C000000000,---,---,---
80,2025,醫學及病理檢驗人員,C000000000,---,---,---
81,2025,義肢、義齒等人體輔具技術員,C000000000,---,---,---
82,2025,傳統醫學技術員,C000000000,-,-,-
83,2025,配鏡、驗光技術員,C000000000,-,-,-
84,2025,物理、職能(復健)治療技術員,C000000000,-,-,-
85,2025,勞安及衛生技術員,C000000000,7455,42852,63.3
86,2025,其他醫療保健助理專業人員,C000000000,-,-,-
87,2025,證券金融交易員及經紀人(含理財專員、承銷人員),C000000000,-,-,-
88,2025,會計人員,C000000000,7494,55739,87
89,2025,統計及精算助理專業人員,C000000000,---,---,---
90,2025,財物及損失鑑價人員,C000000000,-,-,-
91,2025,工商業銷售代表(含業務員),C000000000,66944,51537,81.7
92,2025,採購員,C000000000,33726,47459,74.5
93,2025,報關員(含報驗、船務人員),C000000000,3577,45342,66.5
94,2025,會議及活動規劃人員,C000000000,---,---,---
95,2025,不動產經紀人(含房屋仲介),C000000000,---,---,---
96,2025,拍賣員(不含電子購物、郵購),C000000000,---,---,---
97,2025,專業秘書,C000000000,5482,57437,88
98,2025,法務人員,C000000000,979,62854,100.2
99,2025,社會工作助理人員,C000000000,-,-,-
100,2025,職業運動員,C000000000,-,-,-
101,2025,運動、健身及休閒娛樂指導員,C000000000,-,-,-
102,2025,攝影師、攝影記者,C000000000,-,-,-
103,2025,節目助理及舞台相關工作人員,C000000000,-,-,-
104,2025,資訊管理及維護技術員,C000000000,9366,46917,71.6
105,2025,廣播及視聽技術員(含放映員),C000000000,-,-,-
106,2025,電信技術員,C000000000,1061,51265,98.7
107,2025,其他技術員及助理專業人員,C000000000,-,-,-
108,2025,事務支援人員,C000000000,255411,38338,54
109,2025,總務,C000000000,22183,39533,54.3
110,2025,辦公室綜合事務人員(含資料登錄、一般事務秘書),C000000000,84442,38144,53.1
111,2025,收帳、收費人員(含帳款催收),C000000000,---,---,---
112,2025,接待員及服務台事務人員(含總機),C000000000,4673,33966,46.9
113,2025,電話及網路客服人員,C000000000,639,43916,64.9
114,2025,統計調查訪談人員,C000000000,-,-,-
115,2025,醫院(診所)櫃台事務人員,C000000000,-,-,-
116,2025,會計助理、簿記、出納,C000000000,63588,37469,51.2
117,2025,統計、財務、證券及保險事務人員,C000000000,114,48572,72
118,2025,存貨事務人員,C000000000,31494,37887,56
119,2025,生產及物料規劃事務人員,C000000000,37331,40602,60
120,2025,運輸事務人員(含稽查、調度、管理、航務),C000000000,-,-,-
121,2025,人事事務人員,C000000000,10918,37427,51.1
122,2025,郵件處理及投遞人員,C000000000,-,-,-
123,2025,其他事務支援人員,C000000000,-,-,-
124,2025,服務及銷售工作人員,C000000000,19023,36490,51.2
125,2025,導遊、領隊及解說員,C000000000,-,-,-
126,2025,廚師(含廚房領班),C000000000,1231,36956,51.4
127,2025,飲料調配及調酒員,C000000000,---,---,---
128,2025,餐飲服務人員(含餐飲領班、餐食櫃台工作),C000000000,---,---,---
129,2025,美髮、美容及造型設計人員,C000000000,-,-,-
130,2025,旅館管家、舍監(含房務領班),C000000000,---,---,---
131,2025,寵物美容師及動物照料工作人員,C000000000,-,-,-
132,2025,按摩師,C000000000,881,28722,36.6
133,2025,商店銷售及展售人員(含門市店長),C000000000,8060,35014,47.2
134,2025,收銀員及售票員,C000000000,-,-,-
135,2025,電話及網路行銷人員,C000000000,97,40972,75.6
136,2025,加油站服務員,C000000000,-,-,-
137,2025,兒童照顧人員(含保母),C000000000,-,-,-
138,2025,健康照顧人員(含看護、月子照護),C000000000,-,-,-
139,2025,建築物管理員、保全及警衛人員,C000000000,8721,38540,55.4
140,2025,救生員,C000000000,-,-,-
141,2025,其他服務及銷售工作人員,C000000000,-,-,-
142,2025,技藝、機械設備操作及組裝人員,C000000000,1460017,36027,53.4
143,2025,園藝及農牧業生產人員,C000000000,106,36357,54.5
144,2025,砌磚及有關工作人員,C000000000,203,66633,83.3
145,2025,砌石、裁石及石雕人員,C000000000,2449,33435,42.1
146,2025,鋼筋彎紮、模板及混凝土有關工作人員,C000000000,---,---,---
147,2025,營建木作人員,C000000000,477,40779,68.4
148,2025,其他營建構造人員(含鷹架工、鋁門窗及廣告招牌製作安裝),C000000000,-,-,-
149,2025,屋頂工作、地面牆面鋪設、泥作工作人員,C000000000,---,---,---
150,2025,絕緣材料、玻璃安裝人員,C000000000,---,---,---
151,2025,管道裝設人員(含檢修),C000000000,54,62371,97.3
152,2025,空調及冷凍機械裝修人員,C000000000,1655,39535,55.5
153,2025,油漆、噴漆人員(含汽車鍍膜、裱糊工),C000000000,9925,36663,51.1
154,2025,金屬砂模及砂心製造人員,C000000000,3001,33263,46.4
155,2025,焊接及切割人員(含電焊工、氣焊工),C000000000,35268,37843,50.8
156,2025,板金人員,C000000000,5494,38128,52.5
157,2025,金屬結構預備及組合人員,C000000000,2428,45456,65
158,2025,鍛造、錘造及鍛壓工作人員,C000000000,9335,37112,49.5
159,2025,工具製造人員(含模具工、鉗工),C000000000,27949,37108,48.4
160,2025,金屬工具機設定及操作人員,C000000000,120265,35093,49.3
161,2025,車輛維修人員(含自行車、機車、汽車、火車),C000000000,708,40618,72.3
162,2025,航空器維修人員,C000000000,4613,57818,99.6
163,2025,產業用機器維修人員,C000000000,28981,45062,67.5
164,2025,精密儀器製造及修理人員,C000000000,2165,40178,58.2
165,2025,樂器製造及調音人員,C000000000,1103,34880,46.1
166,2025,珠寶及貴金屬製作人員,C000000000,897,40510,57.2
167,2025,陶瓷製品有關工作人員(含磚瓦),C000000000,5083,33655,45.7
168,2025,玻璃製品製造人員,C000000000,13262,36840,61.1
169,2025,各種材質手工藝人員,C000000000,---,---,---
170,2025,美編、印刷及有關工作人員(含印刷前置、裝訂),C000000000,32224,35505,46.1
171,2025,電力、電子、資通訊設備裝修人員(含水電工),C000000000,41624,40805,63.9
172,2025,食品製造及處理人員(含酒類、飲料、製糖、菸葉),C000000000,72506,34815,46.7
173,2025,產品分級及檢查人員,C000000000,46842,32246,46.8
174,2025,木材處理、家具木工及有關工作人員,C000000000,9333,32273,41.5
175,2025,服飾打樣人員,C000000000,3420,35016,45.6
176,2025,鞣(製)革、毛皮及皮革工作人員,C000000000,1849,32174,44.2
177,2025,製鞋及有關工作人員,C000000000,2999,37903,56.4
178,2025,潛水人員,C000000000,-,-,-
179,2025,消毒及除蟲有關工作人員,C000000000,-,-,-
180,2025,光學鏡片製作人員,C000000000,5156,36508,57.9
181,2025,生產機械設備操作人員、剪裁或裁縫人員,C000000000,368201,36002,51.8
182,2025,洗衣(含鞋包)、熨燙工,C000000000,422,32175,43.9
183,2025,組裝(現場)人員,C000000000,453383,33528,49.6
184,2025,半導體製品產線作業人員,C000000000,106376,42532,83.6
185,2025,軌道車輛駕駛人員,C000000000,---,---,---
186,2025,軌道制動器、號誌及轉轍器操作員,C000000000,---,---,---
187,2025,機車送件駕駛人員,C000000000,-,-,-
188,2025,小客、貨車駕駛人員,C000000000,19713,37216,49.1
189,2025,大客、貨車駕駛人員,C000000000,12299,42393,56.6
190,2025,推土、吊車、起重機等移運設備操作人員,C000000000,7784,43130,63.8
191,2025,船舶艙面水手及有關工作人員,C000000000,-,-,-
192,2025,其他技藝、機械設備操作及組裝人員,C000000000,-,-,-
193,2025,基層技術工及勞力工,C000000000,80584,31666,43.4
194,2025,清潔及家事工作人員(含建築清潔工、房務人員),C000000000,6642,30851,39.8
195,2025,勞力工(含理貨員、行李搬運工),C000000000,73555,31744,43.7
196,2025,廢棄物收集工及回收資源分類工,C000000000,---,---,---
197,2025,廚房幫工(含速食烹調),C000000000,385,30866,41.7
198,2025,抄表員及自動販賣機收款員,C000000000,-,-,-
199,2025,停車場管理工,C000000000,-,-,-
200,2025,主管及監督人員,C080000000,12722,68315,98.4
201,2025,高階主管(總經理及總執行長),C080000000,1295,132971,201.6
202,2025,中階主管(經理),C080000000,2448,78084,112.9
203,2025,監督人員(含現場及辦公室主任、科/股長),C080000000,8979,56327,80
204,2025,專業人員,C080000000,5458,53283,77.2
205,2025,生命科學及生物科技專業人員(含生態環境),C080000000,---,---,---
206,2025,農、林、漁、牧業專業人員,C080000000,313,62481,87.3
207,2025,品管、工管及生管工程師,C080000000,826,49057,72.7
208,2025,土木及水利工程師,C080000000,---,---,---
209,2025,環境工程師,C080000000,---,---,---
210,2025,冷凍空調工程師,C080000000,-,-,-
211,2025,機械工程師(含造船、輪機、鑄造),C080000000,210,55723,90.1
212,2025,食品工程師,C080000000,1297,56284,77.8
213,2025,化學工程師,C080000000,---,---,---
214,2025,生物科學工程師,C080000000,-,-,-
215,2025,電機、電子工程師,C080000000,271,51302,73.5
216,2025,室內設計師,C080000000,-,-,-
217,2025,平面及多媒體設計師,C080000000,---,---,---
218,2025,產品及服裝設計師(含工業設計),C080000000,---,---,---
219,2025,醫師,C080000000,-,-,-
220,2025,護理人員,C080000000,92,42090,62.5
221,2025,獸醫師,C080000000,---,---,---
222,2025,藥事人員(含藥師),C080000000,-,-,-
223,2025,勞安及衛生管理人員(含工業安全管理師),C080000000,390,53073,78.8
224,2025,營養師,C080000000,---,---,---
225,2025,會(審)計師,C080000000,-,-,-
226,2025,風險控管人員,C080000000,-,-,-
227,2025,財務及投資規劃分析人員,C080000000,---,---,---
228,2025,專案管理師(含經營管理顧問),C080000000,---,---,---
229,2025,稽核人員,C080000000,---,---,---
230,2025,人力資源管理師,C080000000,333,53711,78.1
231,2025,廣告及行銷專業人員(含企劃),C080000000,887,46969,65.5
232,2025,公關專業人員,C080000000,---,---,---
233,2025,資訊及通訊專業人員(含系統分析、程式設計、資料庫及網路專業人員),C080000000,350,56562,85.9
234,2025,律師,C080000000,---,---,---
235,2025,編輯、作家及有關撰稿人員,C080000000,-,-,-
236,2025,翻譯人員,C080000000,-,-,-
237,2025,其他專業人員,C080000000,-,-,-
238,2025,技術員及助理專業人員,C080000000,19428,43228,60.7
239,2025,營建工程技術員(含建築、土木、景觀、測量、水利、消防),C080000000,---,---,---
240,2025,電機、電子技術員,C080000000,627,46293,71.4
241,2025,冷凍空調技術員,C080000000,91,46297,65
242,2025,機械技術員(含造船、輪機、鑄造),C080000000,509,43200,64.8
243,2025,食品技術員,C080000000,5751,39560,53.6
244,2025,化工技術員,C080000000,148,50421,66.5
245,2025,品管、工管及生管技術員,C080000000,3806,39165,53.4
246,2025,地質、採礦、鑽探、冶金技術員,C080000000,-,-,-
247,2025,環境工程技術員,C080000000,247,42014,63.9
248,2025,焚化爐、水處理及氣(液)體設備操作員,C080000000,368,45177,66.7
249,2025,化學加工設備控制員,C080000000,-,-,-
250,2025,生命科學技術員,C080000000,-,-,-
251,2025,農業技術及農業推廣人員,C080000000,1145,53126,85.6
252,2025,傳統醫學技術員,C080000000,-,-,-
253,2025,物理、職能(復健)治療技術員,C080000000,-,-,-
254,2025,勞安及衛生技術員,C080000000,436,37100,48.1
255,2025,其他醫療保健助理專業人員,C080000000,-,-,-
256,2025,會計人員,C080000000,429,54867,76
257,2025,統計及精算助理專業人員,C080000000,-,-,-
258,2025,財物及損失鑑價人員,C080000000,-,-,-
259,2025,工商業銷售代表(含業務員),C080000000,3788,46877,65.8
260,2025,採購員,C080000000,1104,41965,58.2
261,2025,報關員(含報驗、船務人員),C080000000,-,-,-
262,2025,不動產經紀人(含房屋仲介),C080000000,-,-,-
263,2025,拍賣員(不含電子購物、郵購),C080000000,---,---,---
264,2025,專業秘書,C080000000,302,56783,81.1
265,2025,法務人員,C080000000,---,---,---
266,2025,運動、健身及休閒娛樂指導員,C080000000,-,-,-
267,2025,資訊管理及維護技術員,C080000000,404,41814,57.2
268,2025,電信技術員,C080000000,-,-,-
269,2025,其他技術員及助理專業人員,C080000000,-,-,-
270,2025,事務支援人員,C080000000,16139,37889,51.5
271,2025,總務,C080000000,1267,40479,55.4
272,2025,辦公室綜合事務人員(含資料登錄、一般事務秘書),C080000000,4633,38943,52.9
273,2025,收帳、收費人員(含帳款催收),C080000000,-,-,-
274,2025,接待員及服務台事務人員(含總機),C080000000,378,34611,46.4
275,2025,電話及網路客服人員,C080000000,---,---,---
276,2025,統計調查訪談人員,C080000000,-,-,-
277,2025,醫院(診所)櫃台事務人員,C080000000,-,-,-
278,2025,會計助理、簿記、出納,C080000000,4684,36900,49
279,2025,存貨事務人員,C080000000,2283,37099,51.2
280,2025,生產及物料規劃事務人員,C080000000,1956,38382,54.4
281,2025,運輸事務人員(含稽查、調度、管理、航務),C080000000,-,-,-
282,2025,人事事務人員,C080000000,866,36371,49.4
283,2025,其他事務支援人員,C080000000,-,-,-
284,2025,服務及銷售工作人員,C080000000,3886,33429,43.1
285,2025,廚師(含廚房領班),C080000000,230,37129,50.5
286,2025,餐飲服務人員(含餐飲領班、餐食櫃台工作),C080000000,-,-,-
287,2025,旅館管家、舍監(含房務領班),C080000000,-,-,-
288,2025,按摩師,C080000000,-,-,-
289,2025,商店銷售及展售人員(含門市店長),C080000000,3147,33240,42.4
290,2025,收銀員及售票員,C080000000,-,-,-
291,2025,電話及網路行銷人員,C080000000,-,-,-
292,2025,建築物管理員、保全及警衛人員,C080000000,509,32928,44.5
293,2025,其他服務及銷售工作人員,C080000000,-,-,-
294,2025,技藝、機械設備操作及組裝人員,C080000000,81187,34605,45.8
295,2025,園藝及農牧業生產人員,C080000000,---,---,---
296,2025,營建木作人員,C080000000,-,-,-
297,2025,空調及冷凍機械裝修人員,C080000000,---,---,---
298,2025,焊接及切割人員(含電焊工、氣焊工),C080000000,-,-,-
299,2025,車輛維修人員(含自行車、機車、汽車、火車),C080000000,-,-,-
300,2025,產業用機器維修人員,C080000000,840,46203,69.6
301,2025,美編、印刷及有關工作人員(含印刷前置、裝訂),C080000000,-,-,-
302,2025,電力、電子、資通訊設備裝修人員(含水電工),C080000000,247,41783,56.8
303,2025,食品製造及處理人員(含酒類、飲料、製糖、菸葉),C080000000,67158,34077,45.1
304,2025,產品分級及檢查人員,C080000000,1706,33178,43.5
305,2025,木材處理、家具木工及有關工作人員,C080000000,---,---,---
306,2025,生產機械設備操作人員、剪裁或裁縫人員,C080000000,7139,35071,46.2
307,2025,洗衣(含鞋包)、熨燙工,C080000000,---,---,---
308,2025,組裝(現場)人員,C080000000,-,-,-
309,2025,軌道車輛駕駛人員,C080000000,---,---,---
310,2025,軌道制動器、號誌及轉轍器操作員,C080000000,---,---,---
311,2025,機車送件駕駛人員,C080000000,-,-,-
312,2025,小客、貨車駕駛人員,C080000000,2254,37505,48.1
313,2025,大客、貨車駕駛人員,C080000000,994,46841,59.3
314,2025,推土、吊車、起重機等移運設備操作人員,C080000000,583,36799,50.6
315,2025,其他技藝、機械設備操作及組裝人員,C080000000,-,-,-
316,2025,基層技術工及勞力工,C080000000,7595,33037,44
317,2025,清潔及家事工作人員(含建築清潔工、房務人員),C080000000,572,30996,39.9
318,2025,勞力工(含理貨員、行李搬運工),C080000000,6713,33329,44.5
319,2025,廚房幫工(含速食烹調),C080000000,310,30486,40.1
320,2025,抄表員及自動販賣機收款員,C080000000,-,-,-
321,2025,停車場管理工,C080000000,-,-,-
322,2025,主管及監督人員,C099900000,1377,77067,113.5
323,2025,高階主管(總經理及總執行長),C099900000,105,130534,193.2
324,2025,中階主管(經理),C099900000,305,95751,139
325,2025,監督人員(含現場及辦公室主任、科/股長),C099900000,967,65368,97.7
326,2025,專業人員,C099900000,1016,59977,87.3
327,2025,農、林、漁、牧業專業人員,C099900000,-,-,-
328,2025,品管、工管及生管工程師,C099900000,244,56865,78.8
329,2025,土木及水利工程師,C099900000,---,---,---
330,2025,環境工程師,C099900000,---,---,---
331,2025,冷凍空調工程師,C099900000,-,-,-
332,2025,機械工程師(含造船、輪機、鑄造),C099900000,53,73968,108.4
333,2025,食品工程師,C099900000,135,55893,85.1
334,2025,化學工程師,C099900000,---,---,---
335,2025,生物科學工程師,C099900000,-,-,-
336,2025,電機、電子工程師,C099900000,---,---,---
337,2025,建築工程師(含建築師),C099900000,-,-,-
338,2025,護理人員,C099900000,---,---,---
339,2025,勞安及衛生管理人員(含工業安全管理師),C099900000,103,60379,84.5
340,2025,會(審)計師,C099900000,-,-,-
341,2025,財務及投資規劃分析人員,C099900000,---,---,---
342,2025,專案管理師(含經營管理顧問),C099900000,---,---,---
343,2025,稽核人員,C099900000,---,---,---
344,2025,人力資源管理師,C099900000,68,62214,90.9
345,2025,廣告及行銷專業人員(含企劃),C099900000,188,60922,92.6
346,2025,公關專業人員,C099900000,---,---,---
347,2025,資訊及通訊專業人員(含系統分析、程式設計、資料庫及網路專業人員),C099900000,---,---,---
348,2025,翻譯人員,C099900000,-,-,-
349,2025,其他專業人員,C099900000,-,-,-
350,2025,技術員及助理專業人員,C099900000,2017,50031,75.8
351,2025,營建工程技術員(含建築、土木、景觀、測量、水利、消防),C099900000,---,---,---
352,2025,電機、電子技術員,C099900000,202,53842,84.7
353,2025,冷凍空調技術員,C099900000,127,52988,85.4
354,2025,機械技術員(含造船、輪機、鑄造),C099900000,235,59945,94.7
355,2025,食品技術員,C099900000,292,42710,61.7
356,2025,化工技術員,C099900000,---,---,---
357,2025,品管、工管及生管技術員,C099900000,461,47132,72.4
358,2025,環境工程技術員,C099900000,---,---,---
359,2025,焚化爐、水處理及氣(液)體設備操作員,C099900000,80,44013,63.8
360,2025,農業技術及農業推廣人員,C099900000,-,-,-
361,2025,勞安及衛生技術員,C099900000,---,---,---
362,2025,會計人員,C099900000,157,62056,92
363,2025,統計及精算助理專業人員,C099900000,-,-,-
364,2025,工商業銷售代表(含業務員),C099900000,171,39517,50.4
365,2025,採購員,C099900000,96,49335,77.1
366,2025,報關員(含報驗、船務人員),C099900000,---,---,---
367,2025,專業秘書,C099900000,---,---,---
368,2025,法務人員,C099900000,---,---,---
369,2025,資訊管理及維護技術員,C099900000,---,---,---
370,2025,其他技術員及助理專業人員,C099900000,-,-,-
371,2025,事務支援人員,C099900000,1768,42839,64.9
372,2025,總務,C099900000,167,40689,63.1
373,2025,辦公室綜合事務人員(含資料登錄、一般事務秘書),C099900000,541,44803,66.8
374,2025,接待員及服務台事務人員(含總機),C099900000,---,---,---
375,2025,電話及網路客服人員,C099900000,-,-,-
376,2025,統計調查訪談人員,C099900000,-,-,-
377,2025,會計助理、簿記、出納,C099900000,325,36944,55.8
378,2025,存貨事務人員,C099900000,395,41870,65.4
379,2025,生產及物料規劃事務人員,C099900000,228,48490,69.1
380,2025,運輸事務人員(含稽查、調度、管理、航務),C099900000,-,-,-
381,2025,人事事務人員,C099900000,---,---,---
382,2025,郵件處理及投遞人員,C099900000,-,-,-
383,2025,其他事務支援人員,C099900000,-,-,-
384,2025,服務及銷售工作人員,C099900000,540,51775,81.8
385,2025,廚師(含廚房領班),C099900000,---,---,---
386,2025,飲料調配及調酒員,C099900000,-,-,-
387,2025,餐飲服務人員(含餐飲領班、餐食櫃台工作),C099900000,-,-,-
388,2025,商店銷售及展售人員(含門市店長),C099900000,308,49869,78.6
389,2025,電話及網路行銷人員,C099900000,-,-,-
390,2025,建築物管理員、保全及警衛人員,C099900000,202,55233,87.1
391,2025,其他服務及銷售工作人員,C099900000,-,-,-
392,2025,技藝、機械設備操作及組裝人員,C099900000,7658,43346,66.4
393,2025,園藝及農牧業生產人員,C099900000,-,-,-
394,2025,空調及冷凍機械裝修人員,C099900000,---,---,---
395,2025,產業用機器維修人員,C099900000,---,---,---
396,2025,美編、印刷及有關工作人員(含印刷前置、裝訂),C099900000,-,-,-
397,2025,電力、電子、資通訊設備裝修人員(含水電工),C099900000,134,45622,69.5
398,2025,食品製造及處理人員(含酒類、飲料、製糖、菸葉),C099900000,5348,44087,67.7
399,2025,產品分級及檢查人員,C099900000,458,35724,50.7
400,2025,木材處理、家具木工及有關工作人員,C099900000,---,---,---
401,2025,消毒及除蟲有關工作人員,C099900000,-,-,-
402,2025,生產機械設備操作人員、剪裁或裁縫人員,C099900000,1058,41149,65.4
403,2025,組裝(現場)人員,C099900000,-,-,-
404,2025,小客、貨車駕駛人員,C099900000,142,45404,76.6
405,2025,大客、貨車駕駛人員,C099900000,---,---,---
406,2025,推土、吊車、起重機等移運設備操作人員,C099900000,347,45965,70.3
407,2025,基層技術工及勞力工,C099900000,209,32628,48
408,2025,清潔及家事工作人員(含建築清潔工、房務人員),C099900000,---,---,---
409,2025,勞力工(含理貨員、行李搬運工),C099900000,156,33184,54.9
410,2025,廚房幫工(含速食烹調),C099900000,---,---,---
411,2025,抄表員及自動販賣機收款員,C099900000,-,-,-
412,2025,主管及監督人員,C110000000,9448,66824,90.8
413,2025,高階主管(總經理及總執行長),C110000000,795,121975,179.4
414,2025,中階主管(經理),C110000000,2634,80673,114.7
415,2025,監督人員(含現場及辦公室主任、科/股長),C110000000,6019,53479,70.3
416,2025,專業人員,C110000000,4126,47728,63.7
417,2025,品管、工管及生管工程師,C110000000,883,46460,62.2
418,2025,土木及水利工程師,C110000000,---,---,---
419,2025,環境工程師,C110000000,47,49904,70.4
420,2025,冷凍空調工程師,C110000000,-,-,-
421,2025,機械工程師(含造船、輪機、鑄造),C110000000,345,46636,59
422,2025,化學工程師,C110000000,321,50743,70.2
423,2025,紡織工程師,C110000000,889,49050,64.8
424,2025,電機、電子工程師,C110000000,358,50047,65
425,2025,建築工程師(含建築師),C110000000,-,-,-
426,2025,景觀設計師、都市及交通規劃師,C110000000,---,---,---
427,2025,平面及多媒體設計師,C110000000,---,---,---
428,2025,產品及服裝設計師(含工業設計),C110000000,231,42792,55.3
429,2025,護理人員,C110000000,---,---,---
430,2025,勞安及衛生管理人員(含工業安全管理師),C110000000,188,54150,70.5
431,2025,會(審)計師,C110000000,-,-,-
432,2025,專案管理師(含經營管理顧問),C110000000,---,---,---
433,2025,稽核人員,C110000000,-,-,-
434,2025,人力資源管理師,C110000000,99,45845,62.7
435,2025,廣告及行銷專業人員(含企劃),C110000000,263,39652,55.6
436,2025,公關專業人員,C110000000,-,-,-
437,2025,資訊及通訊專業人員(含系統分析、程式設計、資料庫及網路專業人員),C110000000,257,49842,66.8
438,2025,律師,C110000000,-,-,-
439,2025,專利工程師及公證人,C110000000,-,-,-
440,2025,翻譯人員,C110000000,---,---,---
441,2025,其他專業人員,C110000000,-,-,-
442,2025,技術員及助理專業人員,C110000000,12534,38128,50.4
443,2025,營建工程技術員(含建築、土木、景觀、測量、水利、消防),C110000000,---,---,---
444,2025,電機、電子技術員,C110000000,319,41645,54
445,2025,機械技術員(含造船、輪機、鑄造),C110000000,694,36869,49.1
446,2025,化工技術員,C110000000,1030,36059,49.3
447,2025,品管、工管及生管技術員,C110000000,2175,36288,49
448,2025,製圖員,C110000000,174,36784,46.4
449,2025,環境工程技術員,C110000000,---,---,---
450,2025,紡織技術員,C110000000,4438,37068,48.5
451,2025,發電設備操作員,C110000000,-,-,-
452,2025,焚化爐、水處理及氣(液)體設備操作員,C110000000,187,42365,57.6
453,2025,勞安及衛生技術員,C110000000,133,38695,48.7
454,2025,會計人員,C110000000,---,---,---
455,2025,工商業銷售代表(含業務員),C110000000,2196,41640,54
456,2025,採購員,C110000000,596,37073,50.2
457,2025,報關員(含報驗、船務人員),C110000000,185,38898,52.4
458,2025,會議及活動規劃人員,C110000000,-,-,-
459,2025,專業秘書,C110000000,100,49664,69.7
460,2025,法務人員,C110000000,---,---,---
461,2025,運動、健身及休閒娛樂指導員,C110000000,-,-,-
462,2025,資訊管理及維護技術員,C110000000,184,39997,52.2
463,2025,其他技術員及助理專業人員,C110000000,-,-,-
464,2025,事務支援人員,C110000000,9651,35713,46.1
465,2025,總務,C110000000,715,36592,47.6
466,2025,辦公室綜合事務人員(含資料登錄、一般事務秘書),C110000000,3677,34961,44.4
467,2025,收帳、收費人員(含帳款催收),C110000000,-,-,-
468,2025,接待員及服務台事務人員(含總機),C110000000,---,---,---
469,2025,電話及網路客服人員,C110000000,-,-,-
470,2025,醫院(診所)櫃台事務人員,C110000000,-,-,-
471,2025,會計助理、簿記、出納,C110000000,2288,36614,47.3
472,2025,存貨事務人員,C110000000,1025,35890,47.4
473,2025,生產及物料規劃事務人員,C110000000,1385,36123,47.7
474,2025,運輸事務人員(含稽查、調度、管理、航務),C110000000,-,-,-
475,2025,人事事務人員,C110000000,367,35315,45.6
476,2025,其他事務支援人員,C110000000,-,-,-
477,2025,服務及銷售工作人員,C110000000,846,35558,44.5
478,2025,廚師(含廚房領班),C110000000,---,---,---
479,2025,旅館管家、舍監(含房務領班),C110000000,-,-,-
480,2025,商店銷售及展售人員(含門市店長),C110000000,377,34092,42
481,2025,電話及網路行銷人員,C110000000,-,-,-
482,2025,建築物管理員、保全及警衛人員,C110000000,412,37239,47.2
483,2025,其他服務及銷售工作人員,C110000000,-,-,-
484,2025,技藝、機械設備操作及組裝人員,C110000000,41213,33251,42.2
485,2025,空調及冷凍機械裝修人員,C110000000,-,-,-
486,2025,工具製造人員(含模具工、鉗工),C110000000,-,-,-
487,2025,金屬工具機設定及操作人員,C110000000,---,---,---
488,2025,產業用機器維修人員,C110000000,893,38721,51.8
489,2025,各種材質手工藝人員,C110000000,---,---,---
490,2025,美編、印刷及有關工作人員(含印刷前置、裝訂),C110000000,---,---,---
491,2025,電力、電子、資通訊設備裝修人員(含水電工),C110000000,300,37893,47
492,2025,產品分級及檢查人員,C110000000,2882,30215,38
493,2025,服飾打樣人員,C110000000,688,34054,43.8
494,2025,鞣(製)革、毛皮及皮革工作人員,C110000000,-,-,-
495,2025,製鞋及有關工作人員,C110000000,-,-,-
496,2025,生產機械設備操作人員、剪裁或裁縫人員,C110000000,30754,33610,42.3
497,2025,洗衣(含鞋包)、熨燙工,C110000000,---,---,---
498,2025,組裝(現場)人員,C110000000,4180,30125,39.2
499,2025,小客、貨車駕駛人員,C110000000,434,36761,47.9
500,2025,大客、貨車駕駛人員,C110000000,349,41350,62.1
501,2025,推土、吊車、起重機等移運設備操作人員,C110000000,---,---,---
502,2025,其他技藝、機械設備操作及組裝人員,C110000000,-,-,-
503,2025,基層技術工及勞力工,C110000000,2405,30103,37.6
504,2025,清潔及家事工作人員(含建築清潔工、房務人員),C110000000,172,30600,37.6
505,2025,勞力工(含理貨員、行李搬運工),C110000000,2233,30064,37.6
506,2025,廚房幫工(含速食烹調),C110000000,-,-,-
507,2025,抄表員及自動販賣機收款員,C110000000,-,-,-
508,2025,停車場管理工,C110000000,-,-,-
509,2025,主管及監督人員,C120000000,3921,63555,106.1
510,2025,高階主管(總經理及總執行長),C120000000,206,127832,274
511,2025,中階主管(經理),C120000000,1263,72484,124
512,2025,監督人員(含現場及辦公室主任、科/股長),C120000000,2452,53556,83.6
513,2025,專業人員,C120000000,1236,48319,77.9
514,2025,品管、工管及生管工程師,C120000000,185,50926,83.5
515,2025,環境工程師,C120000000,---,---,---
516,2025,機械工程師(含造船、輪機、鑄造),C120000000,---,---,---
517,2025,化學工程師,C120000000,---,---,---
518,2025,紡織工程師,C120000000,136,50023,86.3
519,2025,電機、電子工程師,C120000000,-,-,-
520,2025,平面及多媒體設計師,C120000000,---,---,---
521,2025,產品及服裝設計師(含工業設計),C120000000,357,43907,64.1
522,2025,護理人員,C120000000,---,---,---
523,2025,勞安及衛生管理人員(含工業安全管理師),C120000000,---,---,---
524,2025,會(審)計師,C120000000,-,-,-
525,2025,風險控管人員,C120000000,-,-,-
526,2025,財務及投資規劃分析人員,C120000000,-,-,-
527,2025,專案管理師(含經營管理顧問),C120000000,76,56721,141.7
528,2025,稽核人員,C120000000,---,---,---
529,2025,人力資源管理師,C120000000,---,---,---
530,2025,廣告及行銷專業人員(含企劃),C120000000,176,38798,50.6
531,2025,公關專業人員,C120000000,-,-,-
532,2025,資訊及通訊專業人員(含系統分析、程式設計、資料庫及網路專業人員),C120000000,160,58466,89.2
533,2025,律師,C120000000,-,-,-
534,2025,專利工程師及公證人,C120000000,-,-,-
535,2025,翻譯人員,C120000000,---,---,---
536,2025,其他專業人員,C120000000,-,-,-
537,2025,技術員及助理專業人員,C120000000,4558,40699,61.8
538,2025,電機、電子技術員,C120000000,-,-,-
539,2025,機械技術員(含造船、輪機、鑄造),C120000000,---,---,---
540,2025,化工技術員,C120000000,---,---,---
541,2025,品管、工管及生管技術員,C120000000,549,35548,46
542,2025,製圖員,C120000000,---,---,---
543,2025,紡織技術員,C120000000,1292,36305,57.2
544,2025,焚化爐、水處理及氣(液)體設備操作員,C120000000,-,-,-
545,2025,勞安及衛生技術員,C120000000,---,---,---
546,2025,會計人員,C120000000,---,---,---
547,2025,工商業銷售代表(含業務員),C120000000,1435,45867,73
548,2025,採購員,C120000000,546,40975,67.5
549,2025,報關員(含報驗、船務人員),C120000000,230,42034,57.6
550,2025,專業秘書,C120000000,---,---,---
551,2025,法務人員,C120000000,---,---,---
552,2025,資訊管理及維護技術員,C120000000,---,---,---
553,2025,其他技術員及助理專業人員,C120000000,-,-,-
554,2025,事務支援人員,C120000000,4561,36228,47.9
555,2025,總務,C120000000,395,34814,43.7
556,2025,辦公室綜合事務人員(含資料登錄、一般事務秘書),C120000000,1319,35712,48.4
557,2025,接待員及服務台事務人員(含總機),C120000000,---,---,---
558,2025,電話及網路客服人員,C120000000,---,---,---
559,2025,醫院(診所)櫃台事務人員,C120000000,-,-,-
560,2025,會計助理、簿記、出納,C120000000,1128,37575,50.9
561,2025,存貨事務人員,C120000000,428,33825,42.1
562,2025,生產及物料規劃事務人員,C120000000,984,36709,47.5
563,2025,人事事務人員,C120000000,219,38839,49.5
564,2025,其他事務支援人員,C120000000,-,-,-
565,2025,服務及銷售工作人員,C120000000,1340,34867,47
566,2025,廚師(含廚房領班),C120000000,---,---,---
567,2025,餐飲服務人員(含餐飲領班、餐食櫃台工作),C120000000,-,-,-
568,2025,按摩師,C120000000,-,-,-
569,2025,商店銷售及展售人員(含門市店長),C120000000,1187,35010,48.3
570,2025,電話及網路行銷人員,C120000000,-,-,-
571,2025,建築物管理員、保全及警衛人員,C120000000,---,---,---
572,2025,技藝、機械設備操作及組裝人員,C120000000,13714,32565,41.2
573,2025,金屬工具機設定及操作人員,C120000000,-,-,-
574,2025,產業用機器維修人員,C120000000,54,38755,52.5
575,2025,各種材質手工藝人員,C120000000,---,---,---
576,2025,美編、印刷及有關工作人員(含印刷前置、裝訂),C120000000,-,-,-
577,2025,電力、電子、資通訊設備裝修人員(含水電工),C120000000,---,---,---
578,2025,產品分級及檢查人員,C120000000,585,30506,37.8
579,2025,服飾打樣人員,C120000000,2680,35312,46.2
580,2025,鞣(製)革、毛皮及皮革工作人員,C120000000,---,---,---
581,2025,製鞋及有關工作人員,C120000000,-,-,-
582,2025,生產機械設備操作人員、剪裁或裁縫人員,C120000000,8417,31788,39.9
583,2025,洗衣(含鞋包)、熨燙工,C120000000,---,---,---
584,2025,組裝(現場)人員,C120000000,1366,31156,37.7
585,2025,小客、貨車駕駛人員,C120000000,---,---,---
586,2025,大客、貨車駕駛人員,C120000000,-,-,-
587,2025,推土、吊車、起重機等移運設備操作人員,C120000000,-,-,-
588,2025,其他技藝、機械設備操作及組裝人員,C120000000,-,-,-
589,2025,基層技術工及勞力工,C120000000,553,30591,38.4
590,2025,清潔及家事工作人員(含建築清潔工、房務人員),C120000000,---,---,---
591,2025,勞力工(含理貨員、行李搬運工),C120000000,489,30672,38.5
592,2025,廚房幫工(含速食烹調),C120000000,-,-,-
593,2025,抄表員及自動販賣機收款員,C120000000,-,-,-
594,2025,停車場管理工,C120000000,-,-,-
595,2025,主管及監督人員,C130000000,1607,72422,110.6
596,2025,高階主管(總經理及總執行長),C130000000,92,128950,271.1
597,2025,中階主管(經理),C130000000,461,100871,153.3
598,2025,監督人員(含現場及辦公室主任、科/股長),C130000000,1054,55045,79.8
599,2025,專業人員,C130000000,1616,65760,103.7
600,2025,統計及精算專業人員,C130000000,-,-,-
601,2025,品管、工管及生管工程師,C130000000,174,57910,83.1
602,2025,環境工程師,C130000000,-,-,-
603,2025,機械工程師(含造船、輪機、鑄造),C130000000,31,61195,80.8
604,2025,化學工程師,C130000000,47,52334,70.4
605,2025,紡織工程師,C130000000,-,-,-
606,2025,電機、電子工程師,C130000000,---,---,---
607,2025,建築工程師(含建築師),C130000000,-,-,-
608,2025,平面及多媒體設計師,C130000000,---,---,---
609,2025,產品及服裝設計師(含工業設計),C130000000,820,73775,125.2
610,2025,護理人員,C130000000,---,---,---
611,2025,勞安及衛生管理人員(含工業安全管理師),C130000000,---,---,---
612,2025,專案管理師(含經營管理顧問),C130000000,159,62320,85.2
613,2025,稽核人員,C130000000,-,-,-
614,2025,人力資源管理師,C130000000,69,50215,65
615,2025,廣告及行銷專業人員(含企劃),C130000000,43,38584,50.7
616,2025,公關專業人員,C130000000,-,-,-
617,2025,資訊及通訊專業人員(含系統分析、程式設計、資料庫及網路專業人員),C130000000,177,60870,81.5
618,2025,律師,C130000000,---,---,---
619,2025,翻譯人員,C130000000,-,-,-
620,2025,其他專業人員,C130000000,-,-,-
621,2025,技術員及助理專業人員,C130000000,1758,42022,60.8
622,2025,電機、電子技術員,C130000000,---,---,---
623,2025,機械技術員(含造船、輪機、鑄造),C130000000,---,---,---
624,2025,化工技術員,C130000000,---,---,---
625,2025,品管、工管及生管技術員,C130000000,343,42313,56.9
626,2025,製圖員,C130000000,---,---,---
627,2025,環境工程技術員,C130000000,-,-,-
628,2025,紡織技術員,C130000000,-,-,-
629,2025,發電設備操作員,C130000000,-,-,-
630,2025,焚化爐、水處理及氣(液)體設備操作員,C130000000,---,---,---
631,2025,勞安及衛生技術員,C130000000,---,---,---
632,2025,會計人員,C130000000,---,---,---
633,2025,統計及精算助理專業人員,C130000000,-,-,-
634,2025,工商業銷售代表(含業務員),C130000000,632,41692,60.5
635,2025,採購員,C130000000,416,41993,63.7
636,2025,報關員(含報驗、船務人員),C130000000,---,---,---
637,2025,專業秘書,C130000000,---,---,---
638,2025,法務人員,C130000000,-,-,-
639,2025,資訊管理及維護技術員,C130000000,---,---,---
640,2025,其他技術員及助理專業人員,C130000000,-,-,-
641,2025,事務支援人員,C130000000,3333,36820,53.7
642,2025,總務,C130000000,472,41478,61.8
643,2025,辦公室綜合事務人員(含資料登錄、一般事務秘書),C130000000,1053,35941,56.7
644,2025,接待員及服務台事務人員(含總機),C130000000,---,---,---
645,2025,電話及網路客服人員,C130000000,-,-,-
646,2025,醫院(診所)櫃台事務人員,C130000000,-,-,-
647,2025,會計助理、簿記、出納,C130000000,1233,36600,51.4
648,2025,存貨事務人員,C130000000,262,35361,46.2
649,2025,生產及物料規劃事務人員,C130000000,219,35938,47.7
650,2025,運輸事務人員(含稽查、調度、管理、航務),C130000000,-,-,-
651,2025,人事事務人員,C130000000,---,---,---
652,2025,服務及銷售工作人員,C130000000,258,31597,41.4
653,2025,廚師(含廚房領班),C130000000,-,-,-
654,2025,商店銷售及展售人員(含門市店長),C130000000,258,31597,41.4
655,2025,建築物管理員、保全及警衛人員,C130000000,-,-,-
656,2025,技藝、機械設備操作及組裝人員,C130000000,7332,34622,49.7
657,2025,工具製造人員(含模具工、鉗工),C130000000,-,-,-
658,2025,金屬工具機設定及操作人員,C130000000,-,-,-
659,2025,產業用機器維修人員,C130000000,---,---,---
660,2025,各種材質手工藝人員,C130000000,-,-,-
661,2025,美編、印刷及有關工作人員(含印刷前置、裝訂),C130000000,-,-,-
662,2025,電力、電子、資通訊設備裝修人員(含水電工),C130000000,---,---,---
663,2025,產品分級及檢查人員,C130000000,---,---,---
664,2025,服飾打樣人員,C130000000,---,---,---
665,2025,鞣(製)革、毛皮及皮革工作人員,C130000000,1722,31965,44.4
666,2025,製鞋及有關工作人員,C130000000,2999,37903,56.4
667,2025,生產機械設備操作人員、剪裁或裁縫人員,C130000000,1252,31513,42.7
668,2025,洗衣(含鞋包)、熨燙工,C130000000,-,-,-
669,2025,組裝(現場)人員,C130000000,1081,33546,47.9
670,2025,小客、貨車駕駛人員,C130000000,---,---,---
671,2025,大客、貨車駕駛人員,C130000000,---,---,---
672,2025,推土、吊車、起重機等移運設備操作人員,C130000000,-,-,-
673,2025,基層技術工及勞力工,C130000000,---,---,---
674,2025,清潔及家事工作人員(含建築清潔工、房務人員),C130000000,---,---,---
675,2025,勞力工(含理貨員、行李搬運工),C130000000,---,---,---
676,2025,抄表員及自動販賣機收款員,C130000000,-,-,-
677,2025,停車場管理工,C130000000,-,-,-
678,2025,主管及監督人員,C140000000,1590,59049,78.5
679,2025,高階主管(總經理及總執行長),C140000000,---,---,---
680,2025,中階主管(經理),C140000000,372,80478,101.8
681,2025,監督人員(含現場及辦公室主任、科/股長),C140000000,1158,49290,65.1
682,2025,專業人員,C140000000,198,49071,70.6
683,2025,品管、工管及生管工程師,C140000000,---,---,---
684,2025,機械工程師(含造船、輪機、鑄造),C140000000,---,---,---
685,2025,化學工程師,C140000000,-,-,-
686,2025,電機、電子工程師,C140000000,---,---,---
687,2025,平面及多媒體設計師,C140000000,-,-,-
688,2025,護理人員,C140000000,---,---,---
689,2025,勞安及衛生管理人員(含工業安全管理師),C140000000,---,---,---
690,2025,會(審)計師,C140000000,-,-,-
691,2025,專案管理師(含經營管理顧問),C140000000,-,-,-
692,2025,稽核人員,C140000000,-,-,-
693,2025,人力資源管理師,C140000000,-,-,-
694,2025,廣告及行銷專業人員(含企劃),C140000000,---,---,---
695,2025,資訊及通訊專業人員(含系統分析、程式設計、資料庫及網路專業人員),C140000000,---,---,---
696,2025,其他專業人員,C140000000,-,-,-
697,2025,技術員及助理專業人員,C140000000,958,41377,54.8
698,2025,電機、電子技術員,C140000000,---,---,---
699,2025,機械技術員(含造船、輪機、鑄造),C140000000,247,39261,56
700,2025,化工技術員,C140000000,-,-,-
701,2025,品管、工管及生管技術員,C140000000,---,---,---
702,2025,製圖員,C140000000,---,---,---
703,2025,焚化爐、水處理及氣(液)體設備操作員,C140000000,-,-,-
704,2025,勞安及衛生技術員,C140000000,---,---,---
705,2025,會計人員,C140000000,-,-,-
706,2025,工商業銷售代表(含業務員),C140000000,364,44988,61
707,2025,採購員,C140000000,---,---,---
708,2025,專業秘書,C140000000,---,---,---
709,2025,法務人員,C140000000,-,-,-
710,2025,資訊管理及維護技術員,C140000000,---,---,---
711,2025,其他技術員及助理專業人員,C140000000,-,-,-
712,2025,事務支援人員,C140000000,2975,35771,44.6
713,2025,總務,C140000000,---,---,---
714,2025,辦公室綜合事務人員(含資料登錄、一般事務秘書),C140000000,641,36401,47.4
715,2025,接待員及服務台事務人員(含總機),C140000000,---,---,---
716,2025,電話及網路客服人員,C140000000,---,---,---
717,2025,醫院(診所)櫃台事務人員,C140000000,-,-,-
718,2025,會計助理、簿記、出納,C140000000,1420,35953,43.9
719,2025,存貨事務人員,C140000000,200,36878,45.3
720,2025,生產及物料規劃事務人員,C140000000,195,37037,45.5
721,2025,人事事務人員,C140000000,---,---,---
722,2025,服務及銷售工作人員,C140000000,---,---,---
723,2025,廚師(含廚房領班),C140000000,---,---,---
724,2025,商店銷售及展售人員(含門市店長),C140000000,-,-,-
725,2025,建築物管理員、保全及警衛人員,C140000000,---,---,---
726,2025,技藝、機械設備操作及組裝人員,C140000000,6001,33145,43.1
727,2025,營建木作人員,C140000000,-,-,-
728,2025,油漆、噴漆人員(含汽車鍍膜、裱糊工),C140000000,---,---,---
729,2025,產業用機器維修人員,C140000000,---,---,---
730,2025,各種材質手工藝人員,C140000000,---,---,---
731,2025,電力、電子、資通訊設備裝修人員(含水電工),C140000000,-,-,-
732,2025,產品分級及檢查人員,C140000000,---,---,---
733,2025,木材處理、家具木工及有關工作人員,C140000000,3891,32738,42
734,2025,生產機械設備操作人員、剪裁或裁縫人員,C140000000,150,33402,45.7
735,2025,組裝(現場)人員,C140000000,971,33263,44.8
736,2025,小客、貨車駕駛人員,C140000000,268,34588,46.2
737,2025,大客、貨車駕駛人員,C140000000,---,---,---
738,2025,推土、吊車、起重機等移運設備操作人員,C140000000,116,38519,54.1
739,2025,基層技術工及勞力工,C140000000,2048,31084,39.4
740,2025,清潔及家事工作人員(含建築清潔工、房務人員),C140000000,---,---,---
741,2025,勞力工(含理貨員、行李搬運工),C140000000,2018,31101,39.5
742,2025,廚房幫工(含速食烹調),C140000000,-,-,-
743,2025,抄表員及自動販賣機收款員,C140000000,-,-,-
744,2025,停車場管理工,C140000000,-,-,-
745,2025,主管及監督人員,C150000000,3894,62691,87.9
746,2025,高階主管(總經理及總執行長),C150000000,173,128046,217.2
747,2025,中階主管(經理),C150000000,741,79813,116.4
748,2025,監督人員(含現場及辦公室主任、科/股長),C150000000,2980,54639,71.1
749,2025,專業人員,C150000000,1838,53976,74.8
750,2025,農、林、漁、牧業專業人員,C150000000,---,---,---
751,2025,品管、工管及生管工程師,C150000000,433,56783,71.4
752,2025,土木及水利工程師,C150000000,-,-,-
753,2025,環境工程師,C150000000,27,59911,90.3
754,2025,機械工程師(含造船、輪機、鑄造),C150000000,240,56972,81
755,2025,化學工程師,C150000000,133,48617,70.3
756,2025,電機、電子工程師,C150000000,164,55193,74.2
757,2025,平面及多媒體設計師,C150000000,---,---,---
758,2025,產品及服裝設計師(含工業設計),C150000000,64,45456,62.3
759,2025,醫師,C150000000,-,-,-
760,2025,護理人員,C150000000,---,---,---
761,2025,獸醫師,C150000000,-,-,-
762,2025,勞安及衛生管理人員(含工業安全管理師),C150000000,123,48967,66.8
763,2025,財務及投資規劃分析人員,C150000000,-,-,-
764,2025,專案管理師(含經營管理顧問),C150000000,106,60199,86
765,2025,稽核人員,C150000000,---,---,---
766,2025,人力資源管理師,C150000000,---,---,---
767,2025,廣告及行銷專業人員(含企劃),C150000000,281,52069,78.8
768,2025,資訊及通訊專業人員(含系統分析、程式設計、資料庫及網路專業人員),C150000000,126,53257,76.9
769,2025,編輯、作家及有關撰稿人員,C150000000,-,-,-
770,2025,翻譯人員,C150000000,---,---,---
771,2025,其他專業人員,C150000000,-,-,-
772,2025,技術員及助理專業人員,C150000000,4711,43054,63.9
773,2025,電機、電子技術員,C150000000,275,46020,63.2
774,2025,機械技術員(含造船、輪機、鑄造),C150000000,560,38938,65
775,2025,化工技術員,C150000000,97,39423,53.3
776,2025,品管、工管及生管技術員,C150000000,645,33821,50.8
777,2025,製圖員,C150000000,---,---,---
778,2025,環境工程技術員,C150000000,77,46454,68.2
779,2025,發電設備操作員,C150000000,-,-,-
780,2025,焚化爐、水處理及氣(液)體設備操作員,C150000000,187,45727,63.5
781,2025,化學加工設備控制員,C150000000,-,-,-
782,2025,農業技術及農業推廣人員,C150000000,-,-,-
783,2025,勞安及衛生技術員,C150000000,---,---,---
784,2025,會計人員,C150000000,83,63109,92.5
785,2025,工商業銷售代表(含業務員),C150000000,2065,46409,70
786,2025,採購員,C150000000,380,40449,56.3
787,2025,報關員(含報驗、船務人員),C150000000,-,-,-
788,2025,專業秘書,C150000000,---,---,---
789,2025,法務人員,C150000000,---,---,---
790,2025,資訊管理及維護技術員,C150000000,---,---,---
791,2025,其他技術員及助理專業人員,C150000000,-,-,-
792,2025,事務支援人員,C150000000,5282,35658,47.5
793,2025,總務,C150000000,436,40591,52.5
794,2025,辦公室綜合事務人員(含資料登錄、一般事務秘書),C150000000,1814,34275,45.7
795,2025,收帳、收費人員(含帳款催收),C150000000,-,-,-
796,2025,接待員及服務台事務人員(含總機),C150000000,---,---,---
797,2025,電話及網路客服人員,C150000000,-,-,-
798,2025,醫院(診所)櫃台事務人員,C150000000,-,-,-
799,2025,會計助理、簿記、出納,C150000000,1355,34544,45.6
800,2025,統計、財務、證券及保險事務人員,C150000000,-,-,-
801,2025,存貨事務人員,C150000000,442,38345,50.9
802,2025,生產及物料規劃事務人員,C150000000,995,35702,48.3
803,2025,運輸事務人員(含稽查、調度、管理、航務),C150000000,-,-,-
804,2025,人事事務人員,C150000000,165,38892,55.5
805,2025,其他事務支援人員,C150000000,-,-,-
806,2025,服務及銷售工作人員,C150000000,581,41052,60.6
807,2025,廚師(含廚房領班),C150000000,21,36616,50
808,2025,按摩師,C150000000,-,-,-
809,2025,商店銷售及展售人員(含門市店長),C150000000,170,38475,55.1
810,2025,建築物管理員、保全及警衛人員,C150000000,390,42415,63.6
811,2025,技藝、機械設備操作及組裝人員,C150000000,27838,36344,47.2
812,2025,園藝及農牧業生產人員,C150000000,-,-,-
813,2025,工具製造人員(含模具工、鉗工),C150000000,-,-,-
814,2025,金屬工具機設定及操作人員,C150000000,-,-,-
815,2025,車輛維修人員(含自行車、機車、汽車、火車),C150000000,-,-,-
816,2025,產業用機器維修人員,C150000000,315,41099,53.9
817,2025,各種材質手工藝人員,C150000000,-,-,-
818,2025,美編、印刷及有關工作人員(含印刷前置、裝訂),C150000000,3374,33825,42.8
819,2025,電力、電子、資通訊設備裝修人員(含水電工),C150000000,---,---,---
820,2025,產品分級及檢查人員,C150000000,456,32174,40.1
821,2025,生產機械設備操作人員、剪裁或裁縫人員,C150000000,16127,37265,48.6
822,2025,組裝(現場)人員,C150000000,4837,32825,42.5
823,2025,小客、貨車駕駛人員,C150000000,987,36653,45.8
824,2025,大客、貨車駕駛人員,C150000000,1128,44708,56.1
825,2025,推土、吊車、起重機等移運設備操作人員,C150000000,405,39574,55.2
826,2025,基層技術工及勞力工,C150000000,2927,31339,40.3
827,2025,清潔及家事工作人員(含建築清潔工、房務人員),C150000000,---,---,---
828,2025,勞力工(含理貨員、行李搬運工),C150000000,2842,31349,40.2
829,2025,廚房幫工(含速食烹調),C150000000,-,-,-
830,2025,抄表員及自動販賣機收款員,C150000000,-,-,-
831,2025,停車場管理工,C150000000,-,-,-
832,2025,主管及監督人員,C160000000,5435,60717,83.7
833,2025,高階主管(總經理及總執行長),C160000000,345,110858,151.7
834,2025,中階主管(經理),C160000000,1215,71517,102.9
835,2025,監督人員(含現場及辦公室主任、科/股長),C160000000,3875,52867,72.2
836,2025,專業人員,C160000000,1925,45955,62.8
837,2025,品管、工管及生管工程師,C160000000,409,46931,65.9
838,2025,環境工程師,C160000000,-,-,-
839,2025,機械工程師(含造船、輪機、鑄造),C160000000,---,---,---
840,2025,化學工程師,C160000000,---,---,---
841,2025,電機、電子工程師,C160000000,---,---,---
842,2025,平面及多媒體設計師,C160000000,---,---,---
843,2025,產品及服裝設計師(含工業設計),C160000000,---,---,---
844,2025,護理人員,C160000000,-,-,-
845,2025,勞安及衛生管理人員(含工業安全管理師),C160000000,---,---,---
846,2025,會(審)計師,C160000000,-,-,-
847,2025,財務及投資規劃分析人員,C160000000,-,-,-
848,2025,專案管理師(含經營管理顧問),C160000000,103,64799,101.2
849,2025,稽核人員,C160000000,---,---,---
850,2025,人力資源管理師,C160000000,---,---,---
851,2025,廣告及行銷專業人員(含企劃),C160000000,392,39205,61.5
852,2025,資訊及通訊專業人員(含系統分析、程式設計、資料庫及網路專業人員),C160000000,271,53203,69.4
853,2025,編輯、作家及有關撰稿人員,C160000000,---,---,---
854,2025,其他專業人員,C160000000,-,-,-
855,2025,技術員及助理專業人員,C160000000,4235,39690,52.7
856,2025,營建工程技術員(含建築、土木、景觀、測量、水利、消防),C160000000,-,-,-
857,2025,電機、電子技術員,C160000000,---,---,---
858,2025,機械技術員(含造船、輪機、鑄造),C160000000,---,---,---
859,2025,化工技術員,C160000000,---,---,---
860,2025,品管、工管及生管技術員,C160000000,774,37555,51
861,2025,製圖員,C160000000,---,---,---
862,2025,環境工程技術員,C160000000,---,---,---
863,2025,發電設備操作員,C160000000,-,-,-
864,2025,焚化爐、水處理及氣(液)體設備操作員,C160000000,-,-,-
865,2025,化學加工設備控制員,C160000000,-,-,-
866,2025,勞安及衛生技術員,C160000000,---,---,---
867,2025,會計人員,C160000000,---,---,---
868,2025,統計及精算助理專業人員,C160000000,-,-,-
869,2025,工商業銷售代表(含業務員),C160000000,2146,40966,53.1
870,2025,採購員,C160000000,327,37580,46.8
871,2025,專業秘書,C160000000,---,---,---
872,2025,法務人員,C160000000,---,---,---
873,2025,攝影師、攝影記者,C160000000,-,-,-
874,2025,資訊管理及維護技術員,C160000000,258,39400,51.4
875,2025,其他技術員及助理專業人員,C160000000,-,-,-
876,2025,事務支援人員,C160000000,6012,33972,43.3
877,2025,總務,C160000000,---,---,---
878,2025,辦公室綜合事務人員(含資料登錄、一般事務秘書),C160000000,2134,34116,43.4
879,2025,收帳、收費人員(含帳款催收),C160000000,-,-,-
880,2025,接待員及服務台事務人員(含總機),C160000000,---,---,---
881,2025,電話及網路客服人員,C160000000,---,---,---
882,2025,醫院(診所)櫃台事務人員,C160000000,-,-,-
883,2025,會計助理、簿記、出納,C160000000,2253,33980,43.3
884,2025,統計、財務、證券及保險事務人員,C160000000,-,-,-
885,2025,存貨事務人員,C160000000,310,33129,43.9
886,2025,生產及物料規劃事務人員,C160000000,483,33479,42.5
887,2025,運輸事務人員(含稽查、調度、管理、航務),C160000000,-,-,-
888,2025,人事事務人員,C160000000,---,---,---
889,2025,其他事務支援人員,C160000000,-,-,-
890,2025,服務及銷售工作人員,C160000000,266,48741,75.1
891,2025,廚師(含廚房領班),C160000000,-,-,-
892,2025,旅館管家、舍監(含房務領班),C160000000,---,---,---
893,2025,商店銷售及展售人員(含門市店長),C160000000,---,---,---
894,2025,電話及網路行銷人員,C160000000,-,-,-
895,2025,建築物管理員、保全及警衛人員,C160000000,74,59032,94.9
896,2025,其他服務及銷售工作人員,C160000000,-,-,-
897,2025,技藝、機械設備操作及組裝人員,C160000000,33968,35389,45.9
898,2025,焊接及切割人員(含電焊工、氣焊工),C160000000,-,-,-
899,2025,金屬工具機設定及操作人員,C160000000,-,-,-
900,2025,產業用機器維修人員,C160000000,---,---,---
901,2025,美編、印刷及有關工作人員(含印刷前置、裝訂),C160000000,27987,35764,46.4
902,2025,電力、電子、資通訊設備裝修人員(含水電工),C160000000,---,---,---
903,2025,產品分級及檢查人員,C160000000,1102,31339,40.3
904,2025,生產機械設備操作人員、剪裁或裁縫人員,C160000000,2055,34648,45.1
905,2025,組裝(現場)人員,C160000000,1422,30909,39
906,2025,機車送件駕駛人員,C160000000,-,-,-
907,2025,小客、貨車駕駛人員,C160000000,998,35850,48.1
908,2025,大客、貨車駕駛人員,C160000000,---,---,---
909,2025,推土、吊車、起重機等移運設備操作人員,C160000000,---,---,---
910,2025,其他技藝、機械設備操作及組裝人員,C160000000,-,-,-
911,2025,基層技術工及勞力工,C160000000,1309,30474,39.1
912,2025,清潔及家事工作人員(含建築清潔工、房務人員),C160000000,---,---,---
913,2025,勞力工(含理貨員、行李搬運工),C160000000,1172,30442,39.1
914,2025,廢棄物收集工及回收資源分類工,C160000000,---,---,---
915,2025,廚房幫工(含速食烹調),C160000000,-,-,-
916,2025,抄表員及自動販賣機收款員,C160000000,-,-,-
917,2025,停車場管理工,C160000000,-,-,-
918,2025,主管及監督人員,C170000000,523,94533,166.7
919,2025,高階主管(總經理及總執行長),C170000000,---,---,---
920,2025,中階主管(經理),C170000000,192,107049,202.3
921,2025,監督人員(含現場及辦公室主任、科/股長),C170000000,290,80494,133.9
922,2025,專業人員,C170000000,2360,76213,121.1
923,2025,品管、工管及生管工程師,C170000000,799,77809,128.2
924,2025,土木及水利工程師,C170000000,27,67639,95.9
925,2025,環境工程師,C170000000,134,76695,120.4
926,2025,機械工程師(含造船、輪機、鑄造),C170000000,408,75980,123.1
927,2025,化學工程師,C170000000,392,75153,119.9
928,2025,地質、採礦、鑽探、冶金工程師,C170000000,-,-,-
929,2025,電機、電子工程師,C170000000,154,72047,111.3
930,2025,醫師,C170000000,-,-,-
931,2025,護理人員,C170000000,---,---,---
932,2025,獸醫師,C170000000,-,-,-
933,2025,藥事人員(含藥師),C170000000,-,-,-
934,2025,勞安及衛生管理人員(含工業安全管理師),C170000000,66,74366,112.4
935,2025,會(審)計師,C170000000,---,---,---
936,2025,財務及投資規劃分析人員,C170000000,-,-,-
937,2025,專案管理師(含經營管理顧問),C170000000,77,79621,116.3
938,2025,稽核人員,C170000000,---,---,---
939,2025,人力資源管理師,C170000000,70,68904,100.3
940,2025,廣告及行銷專業人員(含企劃),C170000000,---,---,---
941,2025,公關專業人員,C170000000,59,76122,124.6
942,2025,資訊及通訊專業人員(含系統分析、程式設計、資料庫及網路專業人員),C170000000,70,77975,112.3
943,2025,律師,C170000000,-,-,-
944,2025,其他專業人員,C170000000,-,-,-
945,2025,技術員及助理專業人員,C170000000,5138,61232,102.6
946,2025,營建工程技術員(含建築、土木、景觀、測量、水利、消防),C170000000,---,---,---
947,2025,電機、電子技術員,C170000000,471,63016,98.4
948,2025,冷凍空調技術員,C170000000,-,-,-
949,2025,機械技術員(含造船、輪機、鑄造),C170000000,319,66748,110.4
950,2025,化工技術員,C170000000,2937,59792,102.8
951,2025,品管、工管及生管技術員,C170000000,487,60804,97.8
952,2025,製圖員,C170000000,---,---,---
953,2025,地質、採礦、鑽探、冶金技術員,C170000000,-,-,-
954,2025,環境工程技術員,C170000000,174,66117,105.1
955,2025,發電設備操作員,C170000000,-,-,-
956,2025,焚化爐、水處理及氣(液)體設備操作員,C170000000,170,66668,106.5
957,2025,化學加工設備控制員,C170000000,-,-,-
958,2025,石油及天然氣精煉設備操作員,C170000000,-,-,-
959,2025,船舶監管人員(含引水人員),C170000000,---,---,---
960,2025,勞安及衛生技術員,C170000000,426,64154,109.9
961,2025,其他醫療保健助理專業人員,C170000000,-,-,-
962,2025,會計人員,C170000000,-,-,-
963,2025,工商業銷售代表(含業務員),C170000000,54,56107,79.7
964,2025,採購員,C170000000,---,---,---
965,2025,報關員(含報驗、船務人員),C170000000,-,-,-
966,2025,專業秘書,C170000000,-,-,-
967,2025,法務人員,C170000000,-,-,-
968,2025,攝影師、攝影記者,C170000000,-,-,-
969,2025,資訊管理及維護技術員,C170000000,---,---,---
970,2025,其他技術員及助理專業人員,C170000000,-,-,-
971,2025,事務支援人員,C170000000,832,53434,84.4
972,2025,總務,C170000000,290,63849,97.4
973,2025,辦公室綜合事務人員(含資料登錄、一般事務秘書),C170000000,206,47232,77
974,2025,接待員及服務台事務人員(含總機),C170000000,-,-,-
975,2025,醫院(診所)櫃台事務人員,C170000000,-,-,-
976,2025,會計助理、簿記、出納,C170000000,---,---,---
977,2025,存貨事務人員,C170000000,---,---,---
978,2025,生產及物料規劃事務人員,C170000000,---,---,---
979,2025,運輸事務人員(含稽查、調度、管理、航務),C170000000,-,-,-
980,2025,人事事務人員,C170000000,---,---,---
981,2025,其他事務支援人員,C170000000,-,-,-
982,2025,服務及銷售工作人員,C170000000,---,---,---
983,2025,廚師(含廚房領班),C170000000,-,-,-
984,2025,商店銷售及展售人員(含門市店長),C170000000,-,-,-
985,2025,收銀員及售票員,C170000000,-,-,-
986,2025,加油站服務員,C170000000,-,-,-
987,2025,建築物管理員、保全及警衛人員,C170000000,---,---,---
988,2025,救生員,C170000000,-,-,-
989,2025,其他服務及銷售工作人員,C170000000,-,-,-
990,2025,技藝、機械設備操作及組裝人員,C170000000,1683,55430,87.9
991,2025,園藝及農牧業生產人員,C170000000,---,---,---
992,2025,鋼筋彎紮、模板及混凝土有關工作人員,C170000000,---,---,---
993,2025,屋頂工作、地面牆面鋪設、泥作工作人員,C170000000,-,-,-
994,2025,管道裝設人員(含檢修),C170000000,---,---,---
995,2025,空調及冷凍機械裝修人員,C170000000,-,-,-
996,2025,油漆、噴漆人員(含汽車鍍膜、裱糊工),C170000000,-,-,-
997,2025,焊接及切割人員(含電焊工、氣焊工),C170000000,-,-,-
998,2025,工具製造人員(含模具工、鉗工),C170000000,-,-,-
999,2025,金屬工具機設定及操作人員,C170000000,-,-,-
1000,2025,車輛維修人員(含自行車、機車、汽車、火車),C170000000,-,-,-
1001,2025,產業用機器維修人員,C170000000,-,-,-
1002,2025,美編、印刷及有關工作人員(含印刷前置、裝訂),C170000000,-,-,-
1003,2025,電力、電子、資通訊設備裝修人員(含水電工),C170000000,---,---,---
1004,2025,產品分級及檢查人員,C170000000,-,-,-
1005,2025,潛水人員,C170000000,-,-,-
1006,2025,生產機械設備操作人員、剪裁或裁縫人員,C170000000,---,---,---
1007,2025,組裝(現場)人員,C170000000,-,-,-
1008,2025,小客、貨車駕駛人員,C170000000,-,-,-
1009,2025,大客、貨車駕駛人員,C170000000,---,---,---
1010,2025,推土、吊車、起重機等移運設備操作人員,C170000000,---,---,---
1011,2025,船舶艙面水手及有關工作人員,C170000000,-,-,-
1012,2025,其他技藝、機械設備操作及組裝人員,C170000000,-,-,-
1013,2025,基層技術工及勞力工,C170000000,271,34164,50.7
1014,2025,清潔及家事工作人員(含建築清潔工、房務人員),C170000000,---,---,---
1015,2025,勞力工(含理貨員、行李搬運工),C170000000,260,34388,51.5
1016,2025,抄表員及自動販賣機收款員,C170000000,-,-,-
1017,2025,停車場管理工,C170000000,-,-,-
1018,2025,主管及監督人員,C180000000,5415,95258,167.5
1019,2025,高階主管(總經理及總執行長),C180000000,371,169179,308.5
1020,2025,中階主管(經理),C180000000,1805,109792,188.3
1021,2025,監督人員(含現場及辦公室主任、科/股長),C180000000,3239,78692,139.8
1022,2025,專業人員,C180000000,7649,67384,107.5
1023,2025,數理工程及地球科學研究人員,C180000000,-,-,-
1024,2025,生命科學及生物科技專業人員(含生態環境),C180000000,39,62878,117.1
1025,2025,農、林、漁、牧業專業人員,C180000000,---,---,---
1026,2025,品管、工管及生管工程師,C180000000,1943,67954,105.3
1027,2025,土木及水利工程師,C180000000,---,---,---
1028,2025,環境工程師,C180000000,209,66827,112.2
1029,2025,機械工程師(含造船、輪機、鑄造),C180000000,742,66976,108
1030,2025,化學工程師,C180000000,2260,68067,108
1031,2025,紡織工程師,C180000000,---,---,---
1032,2025,生物科學工程師,C180000000,-,-,-
1033,2025,電機、電子工程師,C180000000,582,63403,103.5
1034,2025,建築工程師(含建築師),C180000000,---,---,---
1035,2025,平面及多媒體設計師,C180000000,-,-,-
1036,2025,產品及服裝設計師(含工業設計),C180000000,106,63559,89.8
1037,2025,醫師,C180000000,---,---,---
1038,2025,護理人員,C180000000,---,---,---
1039,2025,獸醫師,C180000000,-,-,-
1040,2025,藥事人員(含藥師),C180000000,---,---,---
1041,2025,勞安及衛生管理人員(含工業安全管理師),C180000000,398,66633,106.7
1042,2025,會(審)計師,C180000000,---,---,---
1043,2025,風險控管人員,C180000000,-,-,-
1044,2025,財務及投資規劃分析人員,C180000000,34,73356,137.2
1045,2025,專案管理師(含經營管理顧問),C180000000,331,76929,128.3
1046,2025,稽核人員,C180000000,63,68917,117.8
1047,2025,人力資源管理師,C180000000,151,60665,98.1
1048,2025,廣告及行銷專業人員(含企劃),C180000000,194,68296,103
1049,2025,公關專業人員,C180000000,22,74960,126.7
1050,2025,資訊及通訊專業人員(含系統分析、程式設計、資料庫及網路專業人員),C180000000,344,67252,110.7
1051,2025,律師,C180000000,---,---,---
1052,2025,專利工程師及公證人,C180000000,---,---,---
1053,2025,編輯、作家及有關撰稿人員,C180000000,-,-,-
1054,2025,翻譯人員,C180000000,-,-,-
1055,2025,其他專業人員,C180000000,-,-,-
1056,2025,技術員及助理專業人員,C180000000,17382,55126,91.3
1057,2025,物理、化學及地球科學技術員,C180000000,---,---,---
1058,2025,營建工程技術員(含建築、土木、景觀、測量、水利、消防),C180000000,79,61096,102.5
1059,2025,電機、電子技術員,C180000000,939,50754,82.5
1060,2025,冷凍空調技術員,C180000000,-,-,-
1061,2025,機械技術員(含造船、輪機、鑄造),C180000000,2234,59969,103.9
1062,2025,化工技術員,C180000000,6201,54976,94.5
1063,2025,品管、工管及生管技術員,C180000000,4096,54260,84.7
1064,2025,製圖員,C180000000,---,---,---
1065,2025,環境工程技術員,C180000000,340,55292,93.9
1066,2025,紡織技術員,C180000000,424,40380,54.1
1067,2025,發電設備操作員,C180000000,-,-,-
1068,2025,焚化爐、水處理及氣(液)體設備操作員,C180000000,509,53893,85
1069,2025,化學加工設備控制員,C180000000,-,-,-
1070,2025,農業技術及農業推廣人員,C180000000,---,---,---
1071,2025,勞安及衛生技術員,C180000000,321,52956,89.2
1072,2025,會計人員,C180000000,133,64727,115
1073,2025,統計及精算助理專業人員,C180000000,-,-,-
1074,2025,工商業銷售代表(含業務員),C180000000,1216,59412,95.8
1075,2025,採購員,C180000000,549,50279,83
1076,2025,報關員(含報驗、船務人員),C180000000,---,---,---
1077,2025,會議及活動規劃人員,C180000000,-,-,-
1078,2025,不動產經紀人(含房屋仲介),C180000000,---,---,---
1079,2025,專業秘書,C180000000,76,71897,122
1080,2025,法務人員,C180000000,---,---,---
1081,2025,資訊管理及維護技術員,C180000000,118,50154,90.3
1082,2025,其他技術員及助理專業人員,C180000000,-,-,-
1083,2025,事務支援人員,C180000000,4293,47377,74.7
1084,2025,總務,C180000000,713,50159,77.8
1085,2025,辦公室綜合事務人員(含資料登錄、一般事務秘書),C180000000,1590,47544,75.1
1086,2025,接待員及服務台事務人員(含總機),C180000000,---,---,---
1087,2025,電話及網路客服人員,C180000000,-,-,-
1088,2025,統計調查訪談人員,C180000000,-,-,-
1089,2025,醫院(診所)櫃台事務人員,C180000000,-,-,-
1090,2025,會計助理、簿記、出納,C180000000,643,44809,67.6
1091,2025,統計、財務、證券及保險事務人員,C180000000,---,---,---
1092,2025,存貨事務人員,C180000000,576,47725,77.1
1093,2025,生產及物料規劃事務人員,C180000000,506,47577,77.2
1094,2025,運輸事務人員(含稽查、調度、管理、航務),C180000000,-,-,-
1095,2025,人事事務人員,C180000000,186,44743,73.6
1096,2025,其他事務支援人員,C180000000,-,-,-
1097,2025,服務及銷售工作人員,C180000000,287,51840,86.1
1098,2025,廚師(含廚房領班),C180000000,---,---,---
1099,2025,旅館管家、舍監(含房務領班),C180000000,-,-,-
1100,2025,按摩師,C180000000,-,-,-
1101,2025,商店銷售及展售人員(含門市店長),C180000000,-,-,-
1102,2025,電話及網路行銷人員,C180000000,-,-,-
1103,2025,建築物管理員、保全及警衛人員,C180000000,277,52451,87.2
1104,2025,其他服務及銷售工作人員,C180000000,-,-,-
1105,2025,技藝、機械設備操作及組裝人員,C180000000,28174,47356,77.3
1106,2025,園藝及農牧業生產人員,C180000000,-,-,-
1107,2025,管道裝設人員(含檢修),C180000000,---,---,---
1108,2025,空調及冷凍機械裝修人員,C180000000,-,-,-
1109,2025,油漆、噴漆人員(含汽車鍍膜、裱糊工),C180000000,-,-,-
1110,2025,焊接及切割人員(含電焊工、氣焊工),C180000000,---,---,---
1111,2025,工具製造人員(含模具工、鉗工),C180000000,---,---,---
1112,2025,金屬工具機設定及操作人員,C180000000,-,-,-
1113,2025,車輛維修人員(含自行車、機車、汽車、火車),C180000000,-,-,-
1114,2025,航空器維修人員,C180000000,-,-,-
1115,2025,產業用機器維修人員,C180000000,1044,49761,74.9
1116,2025,電力、電子、資通訊設備裝修人員(含水電工),C180000000,402,51096,76
1117,2025,產品分級及檢查人員,C180000000,534,35964,58.9
1118,2025,生產機械設備操作人員、剪裁或裁縫人員,C180000000,19323,44971,75.6
1119,2025,洗衣(含鞋包)、熨燙工,C180000000,-,-,-
1120,2025,組裝(現場)人員,C180000000,5761,55332,85.7
1121,2025,小客、貨車駕駛人員,C180000000,281,51740,73.7
1122,2025,大客、貨車駕駛人員,C180000000,448,51565,70.3
1123,2025,推土、吊車、起重機等移運設備操作人員,C180000000,---,---,---
1124,2025,船舶艙面水手及有關工作人員,C180000000,-,-,-
1125,2025,其他技藝、機械設備操作及組裝人員,C180000000,-,-,-
1126,2025,基層技術工及勞力工,C180000000,1759,31868,45.4
1127,2025,清潔及家事工作人員(含建築清潔工、房務人員),C180000000,---,---,---
1128,2025,勞力工(含理貨員、行李搬運工),C180000000,1694,31936,45.5
1129,2025,廚房幫工(含速食烹調),C180000000,-,-,-
1130,2025,抄表員及自動販賣機收款員,C180000000,-,-,-
1131,2025,停車場管理工,C180000000,-,-,-
1132,2025,主管及監督人員,C190000000,8125,88011,140.6
1133,2025,高階主管(總經理及總執行長),C190000000,857,170258,305.7
1134,2025,中階主管(經理),C190000000,2524,108071,170.1
1135,2025,監督人員(含現場及辦公室主任、科/股長),C190000000,4744,62481,95.8
1136,2025,專業人員,C190000000,4892,58548,89.8
1137,2025,生命科學及生物科技專業人員(含生態環境),C190000000,---,---,---
1138,2025,農、林、漁、牧業專業人員,C190000000,-,-,-
1139,2025,品管、工管及生管工程師,C190000000,1263,54144,83
1140,2025,土木及水利工程師,C190000000,-,-,-
1141,2025,環境工程師,C190000000,61,55097,89.5
1142,2025,冷凍空調工程師,C190000000,-,-,-
1143,2025,機械工程師(含造船、輪機、鑄造),C190000000,97,61425,92.2
1144,2025,食品工程師,C190000000,-,-,-
1145,2025,化學工程師,C190000000,1804,63988,101
1146,2025,紡織工程師,C190000000,-,-,-
1147,2025,醫療器材、醫學工程師,C190000000,-,-,-
1148,2025,生物科學工程師,C190000000,-,-,-
1149,2025,光學工程師,C190000000,-,-,-
1150,2025,電機、電子工程師,C190000000,169,54367,84.9
1151,2025,平面及多媒體設計師,C190000000,---,---,---
1152,2025,產品及服裝設計師(含工業設計),C190000000,---,---,---
1153,2025,護理人員,C190000000,---,---,---
1154,2025,藥事人員(含藥師),C190000000,---,---,---
1155,2025,勞安及衛生管理人員(含工業安全管理師),C190000000,218,55284,85.3
1156,2025,營養師,C190000000,-,-,-
1157,2025,會(審)計師,C190000000,-,-,-
1158,2025,風險控管人員,C190000000,-,-,-
1159,2025,財務及投資規劃分析人員,C190000000,-,-,-
1160,2025,專案管理師(含經營管理顧問),C190000000,231,66618,101.8
1161,2025,稽核人員,C190000000,---,---,---
1162,2025,人力資源管理師,C190000000,175,53404,78.7
1163,2025,廣告及行銷專業人員(含企劃),C190000000,481,50587,72.2
1164,2025,公關專業人員,C190000000,-,-,-
1165,2025,資訊及通訊專業人員(含系統分析、程式設計、資料庫及網路專業人員),C190000000,170,63695,99.5
1166,2025,律師,C190000000,-,-,-
1167,2025,專利工程師及公證人,C190000000,---,---,---
1168,2025,編輯、作家及有關撰稿人員,C190000000,-,-,-
1169,2025,翻譯人員,C190000000,---,---,---
1170,2025,其他專業人員,C190000000,-,-,-
1171,2025,技術員及助理專業人員,C190000000,12184,45954,68.8
1172,2025,物理、化學及地球科學技術員,C190000000,-,-,-
1173,2025,電機、電子技術員,C190000000,286,41403,56.4
1174,2025,冷凍空調技術員,C190000000,-,-,-
1175,2025,機械技術員(含造船、輪機、鑄造),C190000000,---,---,---
1176,2025,食品技術員,C190000000,-,-,-
1177,2025,化工技術員,C190000000,4647,44878,67.5
1178,2025,品管、工管及生管技術員,C190000000,2566,40106,57
1179,2025,製圖員,C190000000,-,-,-
1180,2025,環境工程技術員,C190000000,---,---,---
1181,2025,紡織技術員,C190000000,-,-,-
1182,2025,發電設備操作員,C190000000,-,-,-
1183,2025,焚化爐、水處理及氣(液)體設備操作員,C190000000,---,---,---
1184,2025,化學加工設備控制員,C190000000,-,-,-
1185,2025,農業技術及農業推廣人員,C190000000,---,---,---
1186,2025,醫學及病理檢驗人員,C190000000,-,-,-
1187,2025,勞安及衛生技術員,C190000000,---,---,---
1188,2025,其他醫療保健助理專業人員,C190000000,-,-,-
1189,2025,會計人員,C190000000,259,51981,73.8
1190,2025,工商業銷售代表(含業務員),C190000000,2717,52999,83.8
1191,2025,採購員,C190000000,737,44934,66.8
1192,2025,報關員(含報驗、船務人員),C190000000,---,---,---
1193,2025,專業秘書,C190000000,157,53557,77.9
1194,2025,法務人員,C190000000,---,---,---
1195,2025,資訊管理及維護技術員,C190000000,---,---,---
1196,2025,其他技術員及助理專業人員,C190000000,-,-,-
1197,2025,事務支援人員,C190000000,7614,41539,61.1
1198,2025,總務,C190000000,832,44990,61
1199,2025,辦公室綜合事務人員(含資料登錄、一般事務秘書),C190000000,2377,40305,63.3
1200,2025,接待員及服務台事務人員(含總機),C190000000,---,---,---
1201,2025,電話及網路客服人員,C190000000,-,-,-
1202,2025,醫院(診所)櫃台事務人員,C190000000,-,-,-
1203,2025,會計助理、簿記、出納,C190000000,1607,41944,62
1204,2025,統計、財務、證券及保險事務人員,C190000000,-,-,-
1205,2025,存貨事務人員,C190000000,1208,41441,59.7
1206,2025,生產及物料規劃事務人員,C190000000,1026,42145,60
1207,2025,運輸事務人員(含稽查、調度、管理、航務),C190000000,-,-,-
1208,2025,人事事務人員,C190000000,---,---,---
1209,2025,其他事務支援人員,C190000000,-,-,-
1210,2025,服務及銷售工作人員,C190000000,813,33427,45.7
1211,2025,導遊、領隊及解說員,C190000000,-,-,-
1212,2025,廚師(含廚房領班),C190000000,-,-,-
1213,2025,餐飲服務人員(含餐飲領班、餐食櫃台工作),C190000000,-,-,-
1214,2025,美髮、美容及造型設計人員,C190000000,-,-,-
1215,2025,按摩師,C190000000,---,---,---
1216,2025,商店銷售及展售人員(含門市店長),C190000000,---,---,---
1217,2025,收銀員及售票員,C190000000,-,-,-
1218,2025,電話及網路行銷人員,C190000000,-,-,-
1219,2025,建築物管理員、保全及警衛人員,C190000000,---,---,---
1220,2025,其他服務及銷售工作人員,C190000000,-,-,-
1221,2025,技藝、機械設備操作及組裝人員,C190000000,18302,36816,50.6
1222,2025,園藝及農牧業生產人員,C190000000,-,-,-
1223,2025,空調及冷凍機械裝修人員,C190000000,-,-,-
1224,2025,油漆、噴漆人員(含汽車鍍膜、裱糊工),C190000000,---,---,---
1225,2025,焊接及切割人員(含電焊工、氣焊工),C190000000,-,-,-
1226,2025,工具製造人員(含模具工、鉗工),C190000000,-,-,-
1227,2025,產業用機器維修人員,C190000000,359,45677,67
1228,2025,陶瓷製品有關工作人員(含磚瓦),C190000000,-,-,-
1229,2025,美編、印刷及有關工作人員(含印刷前置、裝訂),C190000000,---,---,---
1230,2025,電力、電子、資通訊設備裝修人員(含水電工),C190000000,---,---,---
1231,2025,食品製造及處理人員(含酒類、飲料、製糖、菸葉),C190000000,-,-,-
1232,2025,產品分級及檢查人員,C190000000,---,---,---
1233,2025,生產機械設備操作人員、剪裁或裁縫人員,C190000000,10530,36656,50.9
1234,2025,組裝(現場)人員,C190000000,5272,35261,47.2
1235,2025,小客、貨車駕駛人員,C190000000,---,---,---
1236,2025,大客、貨車駕駛人員,C190000000,343,48697,66.7
1237,2025,推土、吊車、起重機等移運設備操作人員,C190000000,278,37818,53.3
1238,2025,其他技藝、機械設備操作及組裝人員,C190000000,-,-,-
1239,2025,基層技術工及勞力工,C190000000,2117,33432,44.9
1240,2025,清潔及家事工作人員(含建築清潔工、房務人員),C190000000,---,---,---
1241,2025,勞力工(含理貨員、行李搬運工),C190000000,1928,33757,45.7
1242,2025,廚房幫工(含速食烹調),C190000000,-,-,-
1243,2025,抄表員及自動販賣機收款員,C190000000,-,-,-
1244,2025,停車場管理工,C190000000,-,-,-
1245,2025,主管及監督人員,C200000000,4902,86223,127.1
1246,2025,高階主管(總經理及總執行長),C200000000,569,184172,313
1247,2025,中階主管(經理),C200000000,1667,95456,140.3
1248,2025,監督人員(含現場及辦公室主任、科/股長),C200000000,2666,59544,85.8
1249,2025,專業人員,C200000000,6705,51185,68.7
1250,2025,數理工程及地球科學研究人員,C200000000,-,-,-
1251,2025,統計及精算專業人員,C200000000,-,-,-
1252,2025,生命科學及生物科技專業人員(含生態環境),C200000000,1508,52027,67.5
1253,2025,農、林、漁、牧業專業人員,C200000000,-,-,-
1254,2025,品管、工管及生管工程師,C200000000,1655,47940,64.7
1255,2025,土木及水利工程師,C200000000,-,-,-
1256,2025,環境工程師,C200000000,---,---,---
1257,2025,冷凍空調工程師,C200000000,-,-,-
1258,2025,機械工程師(含造船、輪機、鑄造),C200000000,263,47917,63.4
1259,2025,食品工程師,C200000000,---,---,---
1260,2025,化學工程師,C200000000,1280,52211,71.2
1261,2025,醫療器材、醫學工程師,C200000000,---,---,---
1262,2025,生物科學工程師,C200000000,-,-,-
1263,2025,電機、電子工程師,C200000000,130,52927,71
1264,2025,建築工程師(含建築師),C200000000,-,-,-
1265,2025,平面及多媒體設計師,C200000000,---,---,---
1266,2025,產品及服裝設計師(含工業設計),C200000000,---,---,---
1267,2025,護理人員,C200000000,---,---,---
1268,2025,獸醫師,C200000000,-,-,-
1269,2025,藥事人員(含藥師),C200000000,500,55925,78.1
1270,2025,勞安及衛生管理人員(含工業安全管理師),C200000000,150,50340,68.3
1271,2025,營養師,C200000000,-,-,-
1272,2025,其他醫療保健專業人員,C200000000,-,-,-
1273,2025,會(審)計師,C200000000,-,-,-
1274,2025,風險控管人員,C200000000,-,-,-
1275,2025,財務及投資規劃分析人員,C200000000,---,---,---
1276,2025,專案管理師(含經營管理顧問),C200000000,184,61398,84.1
1277,2025,稽核人員,C200000000,---,---,---
1278,2025,人力資源管理師,C200000000,131,55191,74.6
1279,2025,廣告及行銷專業人員(含企劃),C200000000,332,47605,64.8
1280,2025,公關專業人員,C200000000,---,---,---
1281,2025,資訊及通訊專業人員(含系統分析、程式設計、資料庫及網路專業人員),C200000000,236,55566,75.1
1282,2025,律師,C200000000,-,-,-
1283,2025,專利工程師及公證人,C200000000,---,---,---
1284,2025,翻譯人員,C200000000,-,-,-
1285,2025,其他專業人員,C200000000,-,-,-
1286,2025,技術員及助理專業人員,C200000000,7516,42940,61.8
1287,2025,營建工程技術員(含建築、土木、景觀、測量、水利、消防),C200000000,-,-,-
1288,2025,電機、電子技術員,C200000000,---,---,---
1289,2025,冷凍空調技術員,C200000000,-,-,-
1290,2025,機械技術員(含造船、輪機、鑄造),C200000000,238,39615,51
1291,2025,食品技術員,C200000000,-,-,-
1292,2025,化工技術員,C200000000,928,39145,55.8
1293,2025,品管、工管及生管技術員,C200000000,2491,39388,53.9
1294,2025,製圖員,C200000000,-,-,-
1295,2025,環境工程技術員,C200000000,---,---,---
1296,2025,紡織技術員,C200000000,-,-,-
1297,2025,焚化爐、水處理及氣(液)體設備操作員,C200000000,43,45075,63.1
1298,2025,化學加工設備控制員,C200000000,-,-,-
1299,2025,生命科學技術員,C200000000,422,39156,51.5
1300,2025,農業技術及農業推廣人員,C200000000,-,-,-
1301,2025,醫學及病理檢驗人員,C200000000,-,-,-
1302,2025,義肢、義齒等人體輔具技術員,C200000000,-,-,-
1303,2025,勞安及衛生技術員,C200000000,---,---,---
1304,2025,其他醫療保健助理專業人員,C200000000,-,-,-
1305,2025,會計人員,C200000000,159,51612,68.6
1306,2025,工商業銷售代表(含業務員),C200000000,2225,48280,74.8
1307,2025,採購員,C200000000,471,44247,59.1
1308,2025,報關員(含報驗、船務人員),C200000000,---,---,---
1309,2025,會議及活動規劃人員,C200000000,-,-,-
1310,2025,專業秘書,C200000000,62,56924,79.2
1311,2025,法務人員,C200000000,---,---,---
1312,2025,社會工作助理人員,C200000000,-,-,-
1313,2025,資訊管理及維護技術員,C200000000,210,44168,59
1314,2025,其他技術員及助理專業人員,C200000000,-,-,-
1315,2025,事務支援人員,C200000000,4009,38375,51.7
1316,2025,總務,C200000000,314,38749,51.6
1317,2025,辦公室綜合事務人員(含資料登錄、一般事務秘書),C200000000,1137,37457,51.9
1318,2025,接待員及服務台事務人員(含總機),C200000000,---,---,---
1319,2025,電話及網路客服人員,C200000000,---,---,---
1320,2025,醫院(診所)櫃台事務人員,C200000000,-,-,-
1321,2025,會計助理、簿記、出納,C200000000,692,41591,55.5
1322,2025,統計、財務、證券及保險事務人員,C200000000,---,---,---
1323,2025,存貨事務人員,C200000000,915,36616,48.9
1324,2025,生產及物料規劃事務人員,C200000000,598,40151,52.7
1325,2025,運輸事務人員(含稽查、調度、管理、航務),C200000000,-,-,-
1326,2025,人事事務人員,C200000000,187,37259,49.6
1327,2025,服務及銷售工作人員,C200000000,219,32997,48.1
1328,2025,廚師(含廚房領班),C200000000,---,---,---
1329,2025,餐飲服務人員(含餐飲領班、餐食櫃台工作),C200000000,---,---,---
1330,2025,寵物美容師及動物照料工作人員,C200000000,-,-,-
1331,2025,按摩師,C200000000,---,---,---
1332,2025,商店銷售及展售人員(含門市店長),C200000000,---,---,---
1333,2025,收銀員及售票員,C200000000,-,-,-
1334,2025,電話及網路行銷人員,C200000000,---,---,---
1335,2025,建築物管理員、保全及警衛人員,C200000000,---,---,---
1336,2025,技藝、機械設備操作及組裝人員,C200000000,11806,33840,46.6
1337,2025,園藝及農牧業生產人員,C200000000,---,---,---
1338,2025,空調及冷凍機械裝修人員,C200000000,-,-,-
1339,2025,產業用機器維修人員,C200000000,334,42104,54.4
1340,2025,精密儀器製造及修理人員,C200000000,-,-,-
1341,2025,美編、印刷及有關工作人員(含印刷前置、裝訂),C200000000,---,---,---
1342,2025,電力、電子、資通訊設備裝修人員(含水電工),C200000000,143,44550,64.5
1343,2025,食品製造及處理人員(含酒類、飲料、製糖、菸葉),C200000000,-,-,-
1344,2025,產品分級及檢查人員,C200000000,1023,33054,44.5
1345,2025,生產機械設備操作人員、剪裁或裁縫人員,C200000000,7359,34120,47.1
1346,2025,組裝(現場)人員,C200000000,2714,31554,43.4
1347,2025,小客、貨車駕駛人員,C200000000,---,---,---
1348,2025,大客、貨車駕駛人員,C200000000,---,---,---
1349,2025,推土、吊車、起重機等移運設備操作人員,C200000000,---,---,---
1350,2025,基層技術工及勞力工,C200000000,818,30544,40.8
1351,2025,清潔及家事工作人員(含建築清潔工、房務人員),C200000000,242,30565,40.3
1352,2025,勞力工(含理貨員、行李搬運工),C200000000,576,30536,41
1353,2025,廢棄物收集工及回收資源分類工,C200000000,-,-,-
1354,2025,廚房幫工(含速食烹調),C200000000,-,-,-
1355,2025,抄表員及自動販賣機收款員,C200000000,-,-,-
1356,2025,停車場管理工,C200000000,-,-,-
1357,2025,主管及監督人員,C210000000,4131,63935,95.4
1358,2025,高階主管(總經理及總執行長),C210000000,274,112623,200.4
1359,2025,中階主管(經理),C210000000,983,75999,116.3
1360,2025,監督人員(含現場及辦公室主任、科/股長),C210000000,2874,55167,79.8
1361,2025,專業人員,C210000000,1916,46720,70.3
1362,2025,品管、工管及生管工程師,C210000000,407,45348,68.1
1363,2025,環境工程師,C210000000,-,-,-
1364,2025,機械工程師(含造船、輪機、鑄造),C210000000,322,46798,71
1365,2025,化學工程師,C210000000,185,48456,70.2
1366,2025,紡織工程師,C210000000,---,---,---
1367,2025,電機、電子工程師,C210000000,---,---,---
1368,2025,平面及多媒體設計師,C210000000,---,---,---
1369,2025,產品及服裝設計師(含工業設計),C210000000,386,46444,73.8
1370,2025,護理人員,C210000000,---,---,---
1371,2025,勞安及衛生管理人員(含工業安全管理師),C210000000,147,47693,68.4
1372,2025,會(審)計師,C210000000,-,-,-
1373,2025,財務及投資規劃分析人員,C210000000,---,---,---
1374,2025,專案管理師(含經營管理顧問),C210000000,25,54058,77.7
1375,2025,稽核人員,C210000000,---,---,---
1376,2025,人力資源管理師,C210000000,40,43823,60.4
1377,2025,廣告及行銷專業人員(含企劃),C210000000,102,43257,67.8
1378,2025,公關專業人員,C210000000,---,---,---
1379,2025,資訊及通訊專業人員(含系統分析、程式設計、資料庫及網路專業人員),C210000000,161,49671,72.5
1380,2025,翻譯人員,C210000000,---,---,---
1381,2025,其他專業人員,C210000000,-,-,-
1382,2025,技術員及助理專業人員,C210000000,3828,39539,53.9
1383,2025,電機、電子技術員,C210000000,109,37570,48.8
1384,2025,機械技術員(含造船、輪機、鑄造),C210000000,442,41575,55
1385,2025,化工技術員,C210000000,---,---,---
1386,2025,品管、工管及生管技術員,C210000000,1403,37224,52.9
1387,2025,製圖員,C210000000,146,39764,50.2
1388,2025,環境工程技術員,C210000000,-,-,-
1389,2025,紡織技術員,C210000000,-,-,-
1390,2025,化學加工設備控制員,C210000000,-,-,-
1391,2025,勞安及衛生技術員,C210000000,---,---,---
1392,2025,會計人員,C210000000,---,---,---
1393,2025,工商業銷售代表(含業務員),C210000000,969,41166,56.4
1394,2025,採購員,C210000000,320,41493,52.3
1395,2025,報關員(含報驗、船務人員),C210000000,---,---,---
1396,2025,會議及活動規劃人員,C210000000,-,-,-
1397,2025,專業秘書,C210000000,---,---,---
1398,2025,法務人員,C210000000,-,-,-
1399,2025,資訊管理及維護技術員,C210000000,131,38685,51.6
1400,2025,其他技術員及助理專業人員,C210000000,-,-,-
1401,2025,事務支援人員,C210000000,3791,36537,48.2
1402,2025,總務,C210000000,310,37875,52.2
1403,2025,辦公室綜合事務人員(含資料登錄、一般事務秘書),C210000000,1606,36418,48
1404,2025,接待員及服務台事務人員(含總機),C210000000,---,---,---
1405,2025,醫院(診所)櫃台事務人員,C210000000,-,-,-
1406,2025,會計助理、簿記、出納,C210000000,854,37116,49
1407,2025,存貨事務人員,C210000000,285,35230,45.7
1408,2025,生產及物料規劃事務人員,C210000000,454,37311,49.1
1409,2025,運輸事務人員(含稽查、調度、管理、航務),C210000000,-,-,-
1410,2025,人事事務人員,C210000000,195,35019,43.5
1411,2025,服務及銷售工作人員,C210000000,219,35867,46.7
1412,2025,廚師(含廚房領班),C210000000,---,---,---
1413,2025,餐飲服務人員(含餐飲領班、餐食櫃台工作),C210000000,-,-,-
1414,2025,商店銷售及展售人員(含門市店長),C210000000,---,---,---
1415,2025,電話及網路行銷人員,C210000000,-,-,-
1416,2025,建築物管理員、保全及警衛人員,C210000000,---,---,---
1417,2025,技藝、機械設備操作及組裝人員,C210000000,22480,34941,44.9
1418,2025,油漆、噴漆人員(含汽車鍍膜、裱糊工),C210000000,---,---,---
1419,2025,焊接及切割人員(含電焊工、氣焊工),C210000000,---,---,---
1420,2025,工具製造人員(含模具工、鉗工),C210000000,---,---,---
1421,2025,金屬工具機設定及操作人員,C210000000,461,32630,42.4
1422,2025,產業用機器維修人員,C210000000,141,41935,54.8
1423,2025,美編、印刷及有關工作人員(含印刷前置、裝訂),C210000000,---,---,---
1424,2025,電力、電子、資通訊設備裝修人員(含水電工),C210000000,---,---,---
1425,2025,產品分級及檢查人員,C210000000,1650,33051,40.5
1426,2025,服飾打樣人員,C210000000,-,-,-
1427,2025,生產機械設備操作人員、剪裁或裁縫人員,C210000000,15402,35742,46
1428,2025,組裝(現場)人員,C210000000,4057,32271,41.8
1429,2025,小客、貨車駕駛人員,C210000000,257,34248,43.9
1430,2025,大客、貨車駕駛人員,C210000000,133,40145,57.5
1431,2025,推土、吊車、起重機等移運設備操作人員,C210000000,---,---,---
1432,2025,其他技藝、機械設備操作及組裝人員,C210000000,-,-,-
1433,2025,基層技術工及勞力工,C210000000,842,30890,37.3
1434,2025,清潔及家事工作人員(含建築清潔工、房務人員),C210000000,---,---,---
1435,2025,勞力工(含理貨員、行李搬運工),C210000000,817,30914,37.3
1436,2025,廚房幫工(含速食烹調),C210000000,-,-,-
1437,2025,抄表員及自動販賣機收款員,C210000000,-,-,-
1438,2025,停車場管理工,C210000000,-,-,-
1439,2025,主管及監督人員,C220000000,14743,69234,102.7
1440,2025,高階主管(總經理及總執行長),C220000000,1154,137337,226.8
1441,2025,中階主管(經理),C220000000,4262,84232,126
1442,2025,監督人員(含現場及辦公室主任、科/股長),C220000000,9327,53955,78.3
1443,2025,專業人員,C220000000,4544,55159,81.5
1444,2025,品管、工管及生管工程師,C220000000,1186,53171,76.1
1445,2025,環境工程師,C220000000,-,-,-
1446,2025,機械工程師(含造船、輪機、鑄造),C220000000,617,56831,82.5
1447,2025,化學工程師,C220000000,336,61442,92.8
1448,2025,光學工程師,C220000000,-,-,-
1449,2025,電機、電子工程師,C220000000,376,59476,94
1450,2025,測量師及製圖師,C220000000,-,-,-
1451,2025,平面及多媒體設計師,C220000000,-,-,-
1452,2025,產品及服裝設計師(含工業設計),C220000000,522,49758,69.5
1453,2025,護理人員,C220000000,---,---,---
1454,2025,勞安及衛生管理人員(含工業安全管理師),C220000000,233,51772,71.8
1455,2025,會(審)計師,C220000000,-,-,-
1456,2025,財務及投資規劃分析人員,C220000000,---,---,---
1457,2025,專案管理師(含經營管理顧問),C220000000,340,60396,92.7
1458,2025,稽核人員,C220000000,---,---,---
1459,2025,人力資源管理師,C220000000,108,51222,77.6
1460,2025,廣告及行銷專業人員(含企劃),C220000000,278,48314,66.3
1461,2025,公關專業人員,C220000000,-,-,-
1462,2025,資訊及通訊專業人員(含系統分析、程式設計、資料庫及網路專業人員),C220000000,472,59621,96.3
1463,2025,律師,C220000000,---,---,---
1464,2025,專利工程師及公證人,C220000000,---,---,---
1465,2025,翻譯人員,C220000000,---,---,---
1466,2025,其他專業人員,C220000000,-,-,-
1467,2025,技術員及助理專業人員,C220000000,14357,40840,57
1468,2025,營建工程技術員(含建築、土木、景觀、測量、水利、消防),C220000000,-,-,-
1469,2025,電機、電子技術員,C220000000,1624,39706,58.6
1470,2025,機械技術員(含造船、輪機、鑄造),C220000000,2335,40346,55.3
1471,2025,化工技術員,C220000000,645,41926,63.1
1472,2025,品管、工管及生管技術員,C220000000,4072,38500,50.4
1473,2025,製圖員,C220000000,534,42144,58.3
1474,2025,環境工程技術員,C220000000,---,---,---
1475,2025,焚化爐、水處理及氣(液)體設備操作員,C220000000,-,-,-
1476,2025,化學加工設備控制員,C220000000,-,-,-
1477,2025,勞安及衛生技術員,C220000000,307,38579,51.7
1478,2025,會計人員,C220000000,151,49125,72.6
1479,2025,統計及精算助理專業人員,C220000000,---,---,---
1480,2025,工商業銷售代表(含業務員),C220000000,2912,44028,63.3
1481,2025,採購員,C220000000,1295,40245,54.6
1482,2025,報關員(含報驗、船務人員),C220000000,---,---,---
1483,2025,專業秘書,C220000000,---,---,---
1484,2025,法務人員,C220000000,---,---,---
1485,2025,攝影師、攝影記者,C220000000,-,-,-
1486,2025,資訊管理及維護技術員,C220000000,282,40822,57
1487,2025,其他技術員及助理專業人員,C220000000,-,-,-
1488,2025,事務支援人員,C220000000,16905,35227,46
1489,2025,總務,C220000000,1240,36000,46.8
1490,2025,辦公室綜合事務人員(含資料登錄、一般事務秘書),C220000000,4517,35042,44.7
1491,2025,收帳、收費人員(含帳款催收),C220000000,-,-,-
1492,2025,接待員及服務台事務人員(含總機),C220000000,327,32893,48.7
1493,2025,電話及網路客服人員,C220000000,---,---,---
1494,2025,統計調查訪談人員,C220000000,-,-,-
1495,2025,醫院(診所)櫃台事務人員,C220000000,-,-,-
1496,2025,會計助理、簿記、出納,C220000000,6136,35206,45.9
1497,2025,存貨事務人員,C220000000,1841,34849,46.5
1498,2025,生產及物料規劃事務人員,C220000000,2174,35930,48.1
1499,2025,運輸事務人員(含稽查、調度、管理、航務),C220000000,-,-,-
1500,2025,人事事務人員,C220000000,654,35125,45.7
1501,2025,其他事務支援人員,C220000000,-,-,-
1502,2025,服務及銷售工作人員,C220000000,380,37267,52.8
1503,2025,廚師(含廚房領班),C220000000,---,---,---
1504,2025,旅館管家、舍監(含房務領班),C220000000,-,-,-
1505,2025,按摩師,C220000000,---,---,---
1506,2025,商店銷售及展售人員(含門市店長),C220000000,-,-,-
1507,2025,電話及網路行銷人員,C220000000,-,-,-
1508,2025,建築物管理員、保全及警衛人員,C220000000,335,37729,53.4
1509,2025,技藝、機械設備操作及組裝人員,C220000000,70483,34254,44.4
1510,2025,其他營建構造人員(含鷹架工、鋁門窗及廣告招牌製作安裝),C220000000,-,-,-
1511,2025,油漆、噴漆人員(含汽車鍍膜、裱糊工),C220000000,---,---,---
1512,2025,焊接及切割人員(含電焊工、氣焊工),C220000000,---,---,---
1513,2025,板金人員,C220000000,-,-,-
1514,2025,工具製造人員(含模具工、鉗工),C220000000,1098,44559,60.3
1515,2025,金屬工具機設定及操作人員,C220000000,1122,35995,49.8
1516,2025,產業用機器維修人員,C220000000,511,40246,53.5
1517,2025,精密儀器製造及修理人員,C220000000,-,-,-
1518,2025,美編、印刷及有關工作人員(含印刷前置、裝訂),C220000000,711,33534,45.9
1519,2025,電力、電子、資通訊設備裝修人員(含水電工),C220000000,---,---,---
1520,2025,產品分級及檢查人員,C220000000,2896,30903,41.2
1521,2025,服飾打樣人員,C220000000,-,-,-
1522,2025,生產機械設備操作人員、剪裁或裁縫人員,C220000000,40269,34878,45
1523,2025,組裝(現場)人員,C220000000,20493,32281,41.6
1524,2025,小客、貨車駕駛人員,C220000000,1399,35909,45.5
1525,2025,大客、貨車駕駛人員,C220000000,758,41833,54
1526,2025,推土、吊車、起重機等移運設備操作人員,C220000000,490,35343,46.1
1527,2025,其他技藝、機械設備操作及組裝人員,C220000000,-,-,-
1528,2025,基層技術工及勞力工,C220000000,2718,30088,38.1
1529,2025,清潔及家事工作人員(含建築清潔工、房務人員),C220000000,148,30344,38.2
1530,2025,勞力工(含理貨員、行李搬運工),C220000000,2570,30073,38.1
1531,2025,廢棄物收集工及回收資源分類工,C220000000,-,-,-
1532,2025,廚房幫工(含速食烹調),C220000000,-,-,-
1533,2025,抄表員及自動販賣機收款員,C220000000,-,-,-
1534,2025,停車場管理工,C220000000,-,-,-
1535,2025,主管及監督人員,C230000000,7126,72998,111.5
1536,2025,高階主管(總經理及總執行長),C230000000,542,145052,237.8
1537,2025,中階主管(經理),C230000000,1861,92854,140.6
1538,2025,監督人員(含現場及辦公室主任、科/股長),C230000000,4723,56906,86.3
1539,2025,專業人員,C230000000,2657,60408,98.5
1540,2025,品管、工管及生管工程師,C230000000,566,52966,82.9
1541,2025,土木及水利工程師,C230000000,---,---,---
1542,2025,環境工程師,C230000000,---,---,---
1543,2025,機械工程師(含造船、輪機、鑄造),C230000000,431,65525,107.8
1544,2025,化學工程師,C230000000,436,60758,102.5
1545,2025,地質、採礦、鑽探、冶金工程師,C230000000,---,---,---
1546,2025,光學工程師,C230000000,-,-,-
1547,2025,電機、電子工程師,C230000000,314,67218,104.1
1548,2025,建築工程師(含建築師),C230000000,-,-,-
1549,2025,測量師及製圖師,C230000000,-,-,-
1550,2025,平面及多媒體設計師,C230000000,-,-,-
1551,2025,產品及服裝設計師(含工業設計),C230000000,163,52752,78.3
1552,2025,護理人員,C230000000,---,---,---
1553,2025,勞安及衛生管理人員(含工業安全管理師),C230000000,177,58570,85
1554,2025,補教業教師,C230000000,-,-,-
1555,2025,會(審)計師,C230000000,-,-,-
1556,2025,財務及投資規劃分析人員,C230000000,---,---,---
1557,2025,專案管理師(含經營管理顧問),C230000000,97,83879,141
1558,2025,稽核人員,C230000000,---,---,---
1559,2025,人力資源管理師,C230000000,74,57903,88.3
1560,2025,廣告及行銷專業人員(含企劃),C230000000,154,53056,102.4
1561,2025,公關專業人員,C230000000,-,-,-
1562,2025,資訊及通訊專業人員(含系統分析、程式設計、資料庫及網路專業人員),C230000000,146,65828,108.2
1563,2025,專利工程師及公證人,C230000000,---,---,---
1564,2025,翻譯人員,C230000000,-,-,-
1565,2025,其他專業人員,C230000000,-,-,-
1566,2025,技術員及助理專業人員,C230000000,6805,42379,63.5
1567,2025,營建工程技術員(含建築、土木、景觀、測量、水利、消防),C230000000,---,---,---
1568,2025,電機、電子技術員,C230000000,573,46279,70.4
1569,2025,機械技術員(含造船、輪機、鑄造),C230000000,855,44028,68.7
1570,2025,化工技術員,C230000000,265,44472,64.1
1571,2025,品管、工管及生管技術員,C230000000,2335,40941,64.1
1572,2025,製圖員,C230000000,304,39131,51.4
1573,2025,地質、採礦、鑽探、冶金技術員,C230000000,---,---,---
1574,2025,環境工程技術員,C230000000,---,---,---
1575,2025,發電設備操作員,C230000000,-,-,-
1576,2025,焚化爐、水處理及氣(液)體設備操作員,C230000000,-,-,-
1577,2025,化學加工設備控制員,C230000000,-,-,-
1578,2025,勞安及衛生技術員,C230000000,194,36463,47.7
1579,2025,其他醫療保健助理專業人員,C230000000,-,-,-
1580,2025,會計人員,C230000000,---,---,---
1581,2025,工商業銷售代表(含業務員),C230000000,1433,41117,57.6
1582,2025,採購員,C230000000,437,42365,58.7
1583,2025,報關員(含報驗、船務人員),C230000000,---,---,---
1584,2025,專業秘書,C230000000,92,52926,82.8
1585,2025,法務人員,C230000000,---,---,---
1586,2025,資訊管理及維護技術員,C230000000,---,---,---
1587,2025,其他技術員及助理專業人員,C230000000,-,-,-
1588,2025,事務支援人員,C230000000,8391,35838,48.7
1589,2025,總務,C230000000,758,36146,52
1590,2025,辦公室綜合事務人員(含資料登錄、一般事務秘書),C230000000,3315,34924,45.3
1591,2025,收帳、收費人員(含帳款催收),C230000000,---,---,---
1592,2025,接待員及服務台事務人員(含總機),C230000000,---,---,---
1593,2025,電話及網路客服人員,C230000000,---,---,---
1594,2025,醫院(診所)櫃台事務人員,C230000000,-,-,-
1595,2025,會計助理、簿記、出納,C230000000,2049,36242,47.6
1596,2025,存貨事務人員,C230000000,622,35098,50.9
1597,2025,生產及物料規劃事務人員,C230000000,996,39609,58.1
1598,2025,運輸事務人員(含稽查、調度、管理、航務),C230000000,-,-,-
1599,2025,人事事務人員,C230000000,378,34373,43.2
1600,2025,其他事務支援人員,C230000000,-,-,-
1601,2025,服務及銷售工作人員,C230000000,593,35780,46.2
1602,2025,導遊、領隊及解說員,C230000000,-,-,-
1603,2025,廚師(含廚房領班),C230000000,-,-,-
1604,2025,旅館管家、舍監(含房務領班),C230000000,-,-,-
1605,2025,商店銷售及展售人員(含門市店長),C230000000,---,---,---
1606,2025,收銀員及售票員,C230000000,-,-,-
1607,2025,建築物管理員、保全及警衛人員,C230000000,244,37154,52.2
1608,2025,技藝、機械設備操作及組裝人員,C230000000,39251,35977,53.1
1609,2025,砌磚及有關工作人員,C230000000,-,-,-
1610,2025,砌石、裁石及石雕人員,C230000000,2449,33435,42.1
1611,2025,鋼筋彎紮、模板及混凝土有關工作人員,C230000000,-,-,-
1612,2025,營建木作人員,C230000000,-,-,-
1613,2025,屋頂工作、地面牆面鋪設、泥作工作人員,C230000000,-,-,-
1614,2025,絕緣材料、玻璃安裝人員,C230000000,-,-,-
1615,2025,油漆、噴漆人員(含汽車鍍膜、裱糊工),C230000000,-,-,-
1616,2025,金屬砂模及砂心製造人員,C230000000,-,-,-
1617,2025,焊接及切割人員(含電焊工、氣焊工),C230000000,---,---,---
1618,2025,金屬結構預備及組合人員,C230000000,-,-,-
1619,2025,鍛造、錘造及鍛壓工作人員,C230000000,-,-,-
1620,2025,工具製造人員(含模具工、鉗工),C230000000,133,38768,51.5
1621,2025,金屬工具機設定及操作人員,C230000000,-,-,-
1622,2025,車輛維修人員(含自行車、機車、汽車、火車),C230000000,---,---,---
1623,2025,產業用機器維修人員,C230000000,618,39167,55.1
1624,2025,陶瓷製品有關工作人員(含磚瓦),C230000000,5083,33655,45.7
1625,2025,玻璃製品製造人員,C230000000,12351,37015,61.7
1626,2025,各種材質手工藝人員,C230000000,-,-,-
1627,2025,美編、印刷及有關工作人員(含印刷前置、裝訂),C230000000,-,-,-
1628,2025,電力、電子、資通訊設備裝修人員(含水電工),C230000000,253,38917,52.3
1629,2025,產品分級及檢查人員,C230000000,1454,34655,44.5
1630,2025,木材處理、家具木工及有關工作人員,C230000000,---,---,---
1631,2025,生產機械設備操作人員、剪裁或裁縫人員,C230000000,5935,37320,54.3
1632,2025,組裝(現場)人員,C230000000,5687,32022,44.4
1633,2025,軌道車輛駕駛人員,C230000000,-,-,-
1634,2025,小客、貨車駕駛人員,C230000000,427,34392,49.6
1635,2025,大客、貨車駕駛人員,C230000000,3587,40431,54
1636,2025,推土、吊車、起重機等移運設備操作人員,C230000000,920,40051,58.5
1637,2025,其他技藝、機械設備操作及組裝人員,C230000000,-,-,-
1638,2025,基層技術工及勞力工,C230000000,4329,30799,39
1639,2025,清潔及家事工作人員(含建築清潔工、房務人員),C230000000,---,---,---
1640,2025,勞力工(含理貨員、行李搬運工),C230000000,4065,30804,39.1
1641,2025,廢棄物收集工及回收資源分類工,C230000000,-,-,-
1642,2025,廚房幫工(含速食烹調),C230000000,-,-,-
1643,2025,抄表員及自動販賣機收款員,C230000000,-,-,-
1644,2025,停車場管理工,C230000000,-,-,-
1645,2025,主管及監督人員,C240000000,11203,76022,116.4
1646,2025,高階主管(總經理及總執行長),C240000000,1021,133258,231
1647,2025,中階主管(經理),C240000000,2978,87469,133.9
1648,2025,監督人員(含現場及辦公室主任、科/股長),C240000000,7204,63178,92.7
1649,2025,專業人員,C240000000,7536,64882,101.8
1650,2025,品管、工管及生管工程師,C240000000,2077,61289,93.9
1651,2025,土木及水利工程師,C240000000,57,74036,99.4
1652,2025,環境工程師,C240000000,61,71600,130
1653,2025,機械工程師(含造船、輪機、鑄造),C240000000,1830,68694,102.6
1654,2025,化學工程師,C240000000,312,63727,114.9
1655,2025,地質、採礦、鑽探、冶金工程師,C240000000,220,80838,139.3
1656,2025,醫療器材、醫學工程師,C240000000,-,-,-
1657,2025,電機、電子工程師,C240000000,980,72307,112.1
1658,2025,建築工程師(含建築師),C240000000,-,-,-
1659,2025,產品及服裝設計師(含工業設計),C240000000,239,54294,83
1660,2025,醫師,C240000000,---,---,---
1661,2025,護理人員,C240000000,---,---,---
1662,2025,藥事人員(含藥師),C240000000,---,---,---
1663,2025,勞安及衛生管理人員(含工業安全管理師),C240000000,450,57393,96.1
1664,2025,會(審)計師,C240000000,---,---,---
1665,2025,財務及投資規劃分析人員,C240000000,---,---,---
1666,2025,專案管理師(含經營管理顧問),C240000000,216,53309,80.2
1667,2025,稽核人員,C240000000,---,---,---
1668,2025,人力資源管理師,C240000000,150,56947,102
1669,2025,廣告及行銷專業人員(含企劃),C240000000,195,57963,94.4
1670,2025,公關專業人員,C240000000,---,---,---
1671,2025,資訊及通訊專業人員(含系統分析、程式設計、資料庫及網路專業人員),C240000000,654,64887,106.6
1672,2025,律師,C240000000,-,-,-
1673,2025,專利工程師及公證人,C240000000,-,-,-
1674,2025,翻譯人員,C240000000,-,-,-
1675,2025,其他專業人員,C240000000,-,-,-
1676,2025,技術員及助理專業人員,C240000000,15725,48087,72.8
1677,2025,營建工程技術員(含建築、土木、景觀、測量、水利、消防),C240000000,---,---,---
1678,2025,電機、電子技術員,C240000000,1372,53630,81.1
1679,2025,冷凍空調技術員,C240000000,---,---,---
1680,2025,機械技術員(含造船、輪機、鑄造),C240000000,6399,51802,78.9
1681,2025,化工技術員,C240000000,530,58510,97.6
1682,2025,品管、工管及生管技術員,C240000000,2902,41342,60.4
1683,2025,製圖員,C240000000,494,37767,53.2
1684,2025,地質、採礦、鑽探、冶金技術員,C240000000,-,-,-
1685,2025,環境工程技術員,C240000000,246,43727,65.9
1686,2025,發電設備操作員,C240000000,-,-,-
1687,2025,焚化爐、水處理及氣(液)體設備操作員,C240000000,148,70429,95.1
1688,2025,化學加工設備控制員,C240000000,-,-,-
1689,2025,金屬生產製程控制員,C240000000,-,-,-
1690,2025,農業技術及農業推廣人員,C240000000,-,-,-
1691,2025,醫療設備控制技術員,C240000000,---,---,---
1692,2025,醫學及病理檢驗人員,C240000000,---,---,---
1693,2025,勞安及衛生技術員,C240000000,475,38588,62.2
1694,2025,其他醫療保健助理專業人員,C240000000,-,-,-
1695,2025,會計人員,C240000000,223,63013,98.4
1696,2025,工商業銷售代表(含業務員),C240000000,1750,43153,62.2
1697,2025,採購員,C240000000,777,41182,62.1
1698,2025,報關員(含報驗、船務人員),C240000000,---,---,---
1699,2025,專業秘書,C240000000,---,---,---
1700,2025,法務人員,C240000000,---,---,---
1701,2025,資訊管理及維護技術員,C240000000,284,48212,76.6
1702,2025,電信技術員,C240000000,---,---,---
1703,2025,其他技術員及助理專業人員,C240000000,-,-,-
1704,2025,事務支援人員,C240000000,12479,40320,61.7
1705,2025,總務,C240000000,958,37982,58.5
1706,2025,辦公室綜合事務人員(含資料登錄、一般事務秘書),C240000000,4113,40935,61.8
1707,2025,接待員及服務台事務人員(含總機),C240000000,---,---,---
1708,2025,醫院(診所)櫃台事務人員,C240000000,-,-,-
1709,2025,會計助理、簿記、出納,C240000000,3023,36379,51
1710,2025,統計、財務、證券及保險事務人員,C240000000,---,---,---
1711,2025,存貨事務人員,C240000000,1413,43094,70.1
1712,2025,生產及物料規劃事務人員,C240000000,2289,45097,74.7
1713,2025,運輸事務人員(含稽查、調度、管理、航務),C240000000,-,-,-
1714,2025,人事事務人員,C240000000,482,36250,49.8
1715,2025,其他事務支援人員,C240000000,-,-,-
1716,2025,服務及銷售工作人員,C240000000,304,37466,56.5
1717,2025,廚師(含廚房領班),C240000000,---,---,---
1718,2025,按摩師,C240000000,-,-,-
1719,2025,商店銷售及展售人員(含門市店長),C240000000,---,---,---
1720,2025,電話及網路行銷人員,C240000000,-,-,-
1721,2025,建築物管理員、保全及警衛人員,C240000000,265,37788,56.7
1722,2025,技藝、機械設備操作及組裝人員,C240000000,56034,40754,65.2
1723,2025,園藝及農牧業生產人員,C240000000,-,-,-
1724,2025,砌磚及有關工作人員,C240000000,---,---,---
1725,2025,鋼筋彎紮、模板及混凝土有關工作人員,C240000000,---,---,---
1726,2025,營建木作人員,C240000000,-,-,-
1727,2025,絕緣材料、玻璃安裝人員,C240000000,-,-,-
1728,2025,管道裝設人員(含檢修),C240000000,-,-,-
1729,2025,油漆、噴漆人員(含汽車鍍膜、裱糊工),C240000000,---,---,---
1730,2025,金屬砂模及砂心製造人員,C240000000,2182,32794,46.3
1731,2025,焊接及切割人員(含電焊工、氣焊工),C240000000,1955,37209,50.3
1732,2025,板金人員,C240000000,594,44036,62.4
1733,2025,鍛造、錘造及鍛壓工作人員,C240000000,---,---,---
1734,2025,工具製造人員(含模具工、鉗工),C240000000,385,40452,59.2
1735,2025,金屬工具機設定及操作人員,C240000000,8883,36148,55.8
1736,2025,產業用機器維修人員,C240000000,2084,59742,95.4
1737,2025,美編、印刷及有關工作人員(含印刷前置、裝訂),C240000000,-,-,-
1738,2025,電力、電子、資通訊設備裝修人員(含水電工),C240000000,1286,61762,94.4
1739,2025,產品分級及檢查人員,C240000000,1303,32670,60.9
1740,2025,生產機械設備操作人員、剪裁或裁縫人員,C240000000,23103,43692,69.4
1741,2025,組裝(現場)人員,C240000000,9125,31871,59
1742,2025,小客、貨車駕駛人員,C240000000,729,38818,55.4
1743,2025,大客、貨車駕駛人員,C240000000,1033,44128,63.3
1744,2025,推土、吊車、起重機等移運設備操作人員,C240000000,1816,52176,84.5
1745,2025,其他技藝、機械設備操作及組裝人員,C240000000,-,-,-
1746,2025,基層技術工及勞力工,C240000000,4709,31418,44.9
1747,2025,清潔及家事工作人員(含建築清潔工、房務人員),C240000000,268,30043,38
1748,2025,勞力工(含理貨員、行李搬運工),C240000000,4441,31501,45.3
1749,2025,廚房幫工(含速食烹調),C240000000,-,-,-
1750,2025,抄表員及自動販賣機收款員,C240000000,-,-,-
1751,2025,停車場管理工,C240000000,-,-,-
1752,2025,主管及監督人員,C250000000,29786,63219,100.9
1753,2025,高階主管(總經理及總執行長),C250000000,2410,122608,194
1754,2025,中階主管(經理),C250000000,8186,75277,109.8
1755,2025,監督人員(含現場及辦公室主任、科/股長),C250000000,19190,50616,69.8
1756,2025,專業人員,C250000000,12402,50490,70.7
1757,2025,品管、工管及生管工程師,C250000000,2630,48611,67.3
1758,2025,土木及水利工程師,C250000000,227,53979,103.7
1759,2025,環境工程師,C250000000,---,---,---
1760,2025,冷凍空調工程師,C250000000,-,-,-
1761,2025,機械工程師(含造船、輪機、鑄造),C250000000,3656,52358,72.7
1762,2025,化學工程師,C250000000,64,47064,65.8
1763,2025,地質、採礦、鑽探、冶金工程師,C250000000,-,-,-
1764,2025,光學工程師,C250000000,-,-,-
1765,2025,電機、電子工程師,C250000000,927,52920,73.8
1766,2025,建築工程師(含建築師),C250000000,-,-,-
1767,2025,室內設計師,C250000000,-,-,-
1768,2025,平面及多媒體設計師,C250000000,---,---,---
1769,2025,產品及服裝設計師(含工業設計),C250000000,1709,48922,67.8
1770,2025,護理人員,C250000000,---,---,---
1771,2025,勞安及衛生管理人員(含工業安全管理師),C250000000,878,51001,68.9
1772,2025,其他醫療保健專業人員,C250000000,-,-,-
1773,2025,會(審)計師,C250000000,-,-,-
1774,2025,風險控管人員,C250000000,-,-,-
1775,2025,財務及投資規劃分析人員,C250000000,---,---,---
1776,2025,專案管理師(含經營管理顧問),C250000000,487,54110,79.1
1777,2025,稽核人員,C250000000,---,---,---
1778,2025,人力資源管理師,C250000000,315,46722,64.1
1779,2025,廣告及行銷專業人員(含企劃),C250000000,593,41471,57.2
1780,2025,資訊及通訊專業人員(含系統分析、程式設計、資料庫及網路專業人員),C250000000,787,53088,75.8
1781,2025,律師,C250000000,-,-,-
1782,2025,專利工程師及公證人,C250000000,---,---,---
1783,2025,翻譯人員,C250000000,---,---,---
1784,2025,其他專業人員,C250000000,-,-,-
1785,2025,技術員及助理專業人員,C250000000,39583,39191,52.1
1786,2025,營建工程技術員(含建築、土木、景觀、測量、水利、消防),C250000000,---,---,---
1787,2025,電機、電子技術員,C250000000,1544,39245,55.9
1788,2025,機械技術員(含造船、輪機、鑄造),C250000000,9989,38752,51.9
1789,2025,化工技術員,C250000000,412,32991,45.7
1790,2025,品管、工管及生管技術員,C250000000,10436,37298,49.1
1791,2025,製圖員,C250000000,4710,38273,50.9
1792,2025,環境工程技術員,C250000000,222,37580,54.1
1793,2025,發電設備操作員,C250000000,-,-,-
1794,2025,焚化爐、水處理及氣(液)體設備操作員,C250000000,---,---,---
1795,2025,化學加工設備控制員,C250000000,-,-,-
1796,2025,金屬生產製程控制員,C250000000,-,-,-
1797,2025,勞安及衛生技術員,C250000000,821,39649,50.1
1798,2025,其他醫療保健助理專業人員,C250000000,-,-,-
1799,2025,會計人員,C250000000,303,45768,63.2
1800,2025,工商業銷售代表(含業務員),C250000000,6633,44389,58.5
1801,2025,採購員,C250000000,3263,37246,49.7
1802,2025,報關員(含報驗、船務人員),C250000000,---,---,---
1803,2025,會議及活動規劃人員,C250000000,-,-,-
1804,2025,專業秘書,C250000000,237,44411,60.2
1805,2025,法務人員,C250000000,---,---,---
1806,2025,攝影師、攝影記者,C250000000,-,-,-
1807,2025,資訊管理及維護技術員,C250000000,802,37553,48.6
1808,2025,其他技術員及助理專業人員,C250000000,-,-,-
1809,2025,事務支援人員,C250000000,36633,34538,44.5
1810,2025,總務,C250000000,3681,34657,43.7
1811,2025,辦公室綜合事務人員(含資料登錄、一般事務秘書),C250000000,12099,33924,43.6
1812,2025,收帳、收費人員(含帳款催收),C250000000,---,---,---
1813,2025,接待員及服務台事務人員(含總機),C250000000,601,31937,42.4
1814,2025,電話及網路客服人員,C250000000,---,---,---
1815,2025,統計調查訪談人員,C250000000,-,-,-
1816,2025,醫院(診所)櫃台事務人員,C250000000,-,-,-
1817,2025,會計助理、簿記、出納,C250000000,11902,35385,45.3
1818,2025,統計、財務、證券及保險事務人員,C250000000,-,-,-
1819,2025,存貨事務人員,C250000000,2641,33899,45.3
1820,2025,生產及物料規劃事務人員,C250000000,4147,34746,45.8
1821,2025,運輸事務人員(含稽查、調度、管理、航務),C250000000,-,-,-
1822,2025,人事事務人員,C250000000,1535,33936,43.8
1823,2025,其他事務支援人員,C250000000,-,-,-
1824,2025,服務及銷售工作人員,C250000000,1762,32148,43.3
1825,2025,廚師(含廚房領班),C250000000,---,---,---
1826,2025,旅館管家、舍監(含房務領班),C250000000,-,-,-
1827,2025,按摩師,C250000000,-,-,-
1828,2025,商店銷售及展售人員(含門市店長),C250000000,839,31624,45.4
1829,2025,電話及網路行銷人員,C250000000,-,-,-
1830,2025,建築物管理員、保全及警衛人員,C250000000,752,32095,40
1831,2025,其他服務及銷售工作人員,C250000000,-,-,-
1832,2025,技藝、機械設備操作及組裝人員,C250000000,214691,33817,43
1833,2025,鋼筋彎紮、模板及混凝土有關工作人員,C250000000,-,-,-
1834,2025,營建木作人員,C250000000,-,-,-
1835,2025,其他營建構造人員(含鷹架工、鋁門窗及廣告招牌製作安裝),C250000000,-,-,-
1836,2025,屋頂工作、地面牆面鋪設、泥作工作人員,C250000000,---,---,---
1837,2025,絕緣材料、玻璃安裝人員,C250000000,---,---,---
1838,2025,管道裝設人員(含檢修),C250000000,-,-,-
1839,2025,空調及冷凍機械裝修人員,C250000000,-,-,-
1840,2025,油漆、噴漆人員(含汽車鍍膜、裱糊工),C250000000,3156,34455,42.2
1841,2025,金屬砂模及砂心製造人員,C250000000,734,34139,45.7
1842,2025,焊接及切割人員(含電焊工、氣焊工),C250000000,14331,36165,45.3
1843,2025,板金人員,C250000000,1718,34802,42.9
1844,2025,金屬結構預備及組合人員,C250000000,477,35579,45.3
1845,2025,鍛造、錘造及鍛壓工作人員,C250000000,4659,35953,47.7
1846,2025,工具製造人員(含模具工、鉗工),C250000000,17687,35453,44.4
1847,2025,金屬工具機設定及操作人員,C250000000,51062,33929,43.4
1848,2025,車輛維修人員(含自行車、機車、汽車、火車),C250000000,-,-,-
1849,2025,產業用機器維修人員,C250000000,1802,37678,50
1850,2025,美編、印刷及有關工作人員(含印刷前置、裝訂),C250000000,-,-,-
1851,2025,電力、電子、資通訊設備裝修人員(含水電工),C250000000,701,36538,46.9
1852,2025,產品分級及檢查人員,C250000000,7395,30906,40.1
1853,2025,木材處理、家具木工及有關工作人員,C250000000,-,-,-
1854,2025,光學鏡片製作人員,C250000000,-,-,-
1855,2025,生產機械設備操作人員、剪裁或裁縫人員,C250000000,51242,33815,42.6
1856,2025,組裝(現場)人員,C250000000,51264,31936,40.7
1857,2025,機車送件駕駛人員,C250000000,-,-,-
1858,2025,小客、貨車駕駛人員,C250000000,5032,34441,43.1
1859,2025,大客、貨車駕駛人員,C250000000,2184,40145,52
1860,2025,推土、吊車、起重機等移運設備操作人員,C250000000,1107,39918,54.6
1861,2025,其他技藝、機械設備操作及組裝人員,C250000000,-,-,-
1862,2025,基層技術工及勞力工,C250000000,15520,30774,38.9
1863,2025,清潔及家事工作人員(含建築清潔工、房務人員),C250000000,689,30008,38.1
1864,2025,勞力工(含理貨員、行李搬運工),C250000000,14813,30811,39
1865,2025,廢棄物收集工及回收資源分類工,C250000000,---,---,---
1866,2025,廚房幫工(含速食烹調),C250000000,---,---,---
1867,2025,抄表員及自動販賣機收款員,C250000000,-,-,-
1868,2025,停車場管理工,C250000000,-,-,-
1869,2025,主管及監督人員,C260000000,48896,119564,271.2
1870,2025,高階主管(總經理及總執行長),C260000000,5078,202639,493.4
1871,2025,中階主管(經理),C260000000,19785,133680,308.4
1872,2025,監督人員(含現場及辦公室主任、科/股長),C260000000,24033,90389,197.7
1873,2025,專業人員,C260000000,121581,80818,171.3
1874,2025,數理工程及地球科學研究人員,C260000000,---,---,---
1875,2025,統計及精算專業人員,C260000000,-,-,-
1876,2025,品管、工管及生管工程師,C260000000,14442,69528,134.9
1877,2025,土木及水利工程師,C260000000,-,-,-
1878,2025,環境工程師,C260000000,122,59799,103.6
1879,2025,冷凍空調工程師,C260000000,1260,74570,135.8
1880,2025,機械工程師(含造船、輪機、鑄造),C260000000,11068,71378,157.6
1881,2025,化學工程師,C260000000,7769,78796,168.1
1882,2025,紡織工程師,C260000000,-,-,-
1883,2025,醫療器材、醫學工程師,C260000000,-,-,-
1884,2025,生物科學工程師,C260000000,-,-,-
1885,2025,光學工程師,C260000000,2867,74900,124.8
1886,2025,電機、電子工程師,C260000000,54509,82498,184.1
1887,2025,電信工程師,C260000000,4878,125356,258.4
1888,2025,建築工程師(含建築師),C260000000,---,---,---
1889,2025,測量師及製圖師,C260000000,-,-,-
1890,2025,平面及多媒體設計師,C260000000,---,---,---
1891,2025,產品及服裝設計師(含工業設計),C260000000,3088,71414,127.9
1892,2025,護理人員,C260000000,373,52379,102.6
1893,2025,勞安及衛生管理人員(含工業安全管理師),C260000000,2260,63461,110.7
1894,2025,會(審)計師,C260000000,44,82167,153.2
1895,2025,風險控管人員,C260000000,---,---,---
1896,2025,財務及投資規劃分析人員,C260000000,216,70679,140.5
1897,2025,專案管理師(含經營管理顧問),C260000000,1863,79430,150.1
1898,2025,稽核人員,C260000000,197,70722,130
1899,2025,人力資源管理師,C260000000,1840,58497,107.4
1900,2025,廣告及行銷專業人員(含企劃),C260000000,2465,79565,154.1
1901,2025,公關專業人員,C260000000,---,---,---
1902,2025,資訊及通訊專業人員(含系統分析、程式設計、資料庫及網路專業人員),C260000000,12024,91780,198.5
1903,2025,律師,C260000000,---,---,---
1904,2025,專利工程師及公證人,C260000000,136,87608,180.8
1905,2025,編輯、作家及有關撰稿人員,C260000000,---,---,---
1906,2025,翻譯人員,C260000000,---,---,---
1907,2025,其他專業人員,C260000000,-,-,-
1908,2025,技術員及助理專業人員,C260000000,129267,49507,101.7
1909,2025,物理、化學及地球科學技術員,C260000000,---,---,---
1910,2025,營建工程技術員(含建築、土木、景觀、測量、水利、消防),C260000000,-,-,-
1911,2025,電機、電子技術員,C260000000,54795,47465,100.4
1912,2025,冷凍空調技術員,C260000000,---,---,---
1913,2025,機械技術員(含造船、輪機、鑄造),C260000000,11120,49035,125.3
1914,2025,化工技術員,C260000000,3321,46733,90.7
1915,2025,品管、工管及生管技術員,C260000000,28200,43794,85.4
1916,2025,製圖員,C260000000,1301,44863,71
1917,2025,環境工程技術員,C260000000,136,45556,80.3
1918,2025,發電設備操作員,C260000000,-,-,-
1919,2025,焚化爐、水處理及氣(液)體設備操作員,C260000000,---,---,---
1920,2025,化學加工設備控制員,C260000000,-,-,-
1921,2025,義肢、義齒等人體輔具技術員,C260000000,-,-,-
1922,2025,勞安及衛生技術員,C260000000,1616,46485,76.5
1923,2025,其他醫療保健助理專業人員,C260000000,-,-,-
1924,2025,證券金融交易員及經紀人(含理財專員、承銷人員),C260000000,-,-,-
1925,2025,會計人員,C260000000,2371,57213,96.3
1926,2025,統計及精算助理專業人員,C260000000,-,-,-
1927,2025,工商業銷售代表(含業務員),C260000000,12251,63364,126.2
1928,2025,採購員,C260000000,7470,58027,115.9
1929,2025,報關員(含報驗、船務人員),C260000000,1388,46243,73.2
1930,2025,會議及活動規劃人員,C260000000,-,-,-
1931,2025,專業秘書,C260000000,1751,65805,106.1
1932,2025,法務人員,C260000000,274,68580,118.9
1933,2025,資訊管理及維護技術員,C260000000,2375,55135,103.4
1934,2025,電信技術員,C260000000,781,55732,105
1935,2025,其他技術員及助理專業人員,C260000000,-,-,-
1936,2025,事務支援人員,C260000000,29006,44649,74.8
1937,2025,總務,C260000000,2072,46181,69.4
1938,2025,辦公室綜合事務人員(含資料登錄、一般事務秘書),C260000000,9738,44056,68.3
1939,2025,收帳、收費人員(含帳款催收),C260000000,-,-,-
1940,2025,接待員及服務台事務人員(含總機),C260000000,420,35539,52.5
1941,2025,電話及網路客服人員,C260000000,82,46780,74.2
1942,2025,統計調查訪談人員,C260000000,-,-,-
1943,2025,醫院(診所)櫃台事務人員,C260000000,-,-,-
1944,2025,會計助理、簿記、出納,C260000000,4427,46588,82.8
1945,2025,統計、財務、證券及保險事務人員,C260000000,---,---,---
1946,2025,存貨事務人員,C260000000,4579,41982,73.2
1947,2025,生產及物料規劃事務人員,C260000000,6294,46816,85.3
1948,2025,運輸事務人員(含稽查、調度、管理、航務),C260000000,-,-,-
1949,2025,人事事務人員,C260000000,1344,41857,63.6
1950,2025,其他事務支援人員,C260000000,-,-,-
1951,2025,服務及銷售工作人員,C260000000,956,34904,55.5
1952,2025,廚師(含廚房領班),C260000000,---,---,---
1953,2025,飲料調配及調酒員,C260000000,-,-,-
1954,2025,餐飲服務人員(含餐飲領班、餐食櫃台工作),C260000000,-,-,-
1955,2025,旅館管家、舍監(含房務領班),C260000000,-,-,-
1956,2025,按摩師,C260000000,402,28616,37.5
1957,2025,商店銷售及展售人員(含門市店長),C260000000,-,-,-
1958,2025,電話及網路行銷人員,C260000000,-,-,-
1959,2025,兒童照顧人員(含保母),C260000000,-,-,-
1960,2025,建築物管理員、保全及警衛人員,C260000000,520,38525,59.5
1961,2025,其他服務及銷售工作人員,C260000000,-,-,-
1962,2025,技藝、機械設備操作及組裝人員,C260000000,305017,37677,68.2
1963,2025,園藝及農牧業生產人員,C260000000,-,-,-
1964,2025,管道裝設人員(含檢修),C260000000,-,-,-
1965,2025,空調及冷凍機械裝修人員,C260000000,181,45042,76.5
1966,2025,油漆、噴漆人員(含汽車鍍膜、裱糊工),C260000000,-,-,-
1967,2025,金屬砂模及砂心製造人員,C260000000,-,-,-
1968,2025,焊接及切割人員(含電焊工、氣焊工),C260000000,314,33110,58.9
1969,2025,板金人員,C260000000,-,-,-
1970,2025,鍛造、錘造及鍛壓工作人員,C260000000,-,-,-
1971,2025,工具製造人員(含模具工、鉗工),C260000000,557,43888,65.3
1972,2025,金屬工具機設定及操作人員,C260000000,2654,36557,64.2
1973,2025,產業用機器維修人員,C260000000,1294,42264,84.1
1974,2025,精密儀器製造及修理人員,C260000000,202,37384,65
1975,2025,玻璃製品製造人員,C260000000,---,---,---
1976,2025,美編、印刷及有關工作人員(含印刷前置、裝訂),C260000000,---,---,---
1977,2025,電力、電子、資通訊設備裝修人員(含水電工),C260000000,14608,40139,62.4
1978,2025,產品分級及檢查人員,C260000000,9640,33003,61.1
1979,2025,光學鏡片製作人員,C260000000,---,---,---
1980,2025,生產機械設備操作人員、剪裁或裁縫人員,C260000000,74262,35471,61.3
1981,2025,組裝(現場)人員,C260000000,94585,33916,57.6
1982,2025,半導體製品產線作業人員,C260000000,105307,42624,83.9
1983,2025,機車送件駕駛人員,C260000000,-,-,-
1984,2025,小客、貨車駕駛人員,C260000000,847,40154,61.9
1985,2025,大客、貨車駕駛人員,C260000000,---,---,---
1986,2025,推土、吊車、起重機等移運設備操作人員,C260000000,-,-,-
1987,2025,其他技藝、機械設備操作及組裝人員,C260000000,-,-,-
1988,2025,基層技術工及勞力工,C260000000,9729,34675,58.6
1989,2025,清潔及家事工作人員(含建築清潔工、房務人員),C260000000,925,32244,45
1990,2025,勞力工(含理貨員、行李搬運工),C260000000,8767,34936,60
1991,2025,廚房幫工(含速食烹調),C260000000,---,---,---
1992,2025,抄表員及自動販賣機收款員,C260000000,-,-,-
1993,2025,停車場管理工,C260000000,-,-,-
1994,2025,主管及監督人員,C270000000,30701,100877,209.8
1995,2025,高階主管(總經理及總執行長),C270000000,2624,187547,402.4
1996,2025,中階主管(經理),C270000000,13225,112031,222.5
1997,2025,監督人員(含現場及辦公室主任、科/股長),C270000000,14852,75634,161.9
1998,2025,專業人員,C270000000,68858,67823,122.1
1999,2025,生命科學及生物科技專業人員(含生態環境),C270000000,---,---,---
2000,2025,品管、工管及生管工程師,C270000000,9038,59672,108
2001,2025,土木及水利工程師,C270000000,-,-,-
2002,2025,環境工程師,C270000000,---,---,---
2003,2025,冷凍空調工程師,C270000000,132,53309,93.4
2004,2025,機械工程師(含造船、輪機、鑄造),C270000000,5046,57853,112.7
2005,2025,化學工程師,C270000000,269,57254,83.9
2006,2025,醫療器材、醫學工程師,C270000000,---,---,---
2007,2025,生物科學工程師,C270000000,-,-,-
2008,2025,光學工程師,C270000000,1446,61930,88.2
2009,2025,電機、電子工程師,C270000000,26909,70471,135.4
2010,2025,電信工程師,C270000000,1684,71354,117.9
2011,2025,建築工程師(含建築師),C270000000,---,---,---
2012,2025,平面及多媒體設計師,C270000000,84,60661,96.3
2013,2025,產品及服裝設計師(含工業設計),C270000000,2388,70188,113.5
2014,2025,醫師,C270000000,-,-,-
2015,2025,護理人員,C270000000,137,47126,70.7
2016,2025,獸醫師,C270000000,-,-,-
2017,2025,勞安及衛生管理人員(含工業安全管理師),C270000000,625,55265,81.6
2018,2025,營養師,C270000000,-,-,-
2019,2025,學前教育人員,C270000000,---,---,---
2020,2025,會(審)計師,C270000000,---,---,---
2021,2025,風險控管人員,C270000000,---,---,---
2022,2025,財務及投資規劃分析人員,C270000000,292,73680,121.1
2023,2025,專案管理師(含經營管理顧問),C270000000,5030,72977,111.4
2024,2025,稽核人員,C270000000,224,68017,108.6
2025,2025,人力資源管理師,C270000000,1255,56681,84.4
2026,2025,廣告及行銷專業人員(含企劃),C270000000,2384,62654,92.3
2027,2025,公關專業人員,C270000000,---,---,---
2028,2025,資訊及通訊專業人員(含系統分析、程式設計、資料庫及網路專業人員),C270000000,11460,73585,133
2029,2025,律師,C270000000,70,83143,129.2
2030,2025,專利工程師及公證人,C270000000,94,67860,107.1
2031,2025,編輯、作家及有關撰稿人員,C270000000,-,-,-
2032,2025,翻譯人員,C270000000,---,---,---
2033,2025,其他專業人員,C270000000,-,-,-
2034,2025,技術員及助理專業人員,C270000000,46953,49681,86.2
2035,2025,營建工程技術員(含建築、土木、景觀、測量、水利、消防),C270000000,---,---,---
2036,2025,電機、電子技術員,C270000000,15141,47699,90.4
2037,2025,航空機械技術員,C270000000,-,-,-
2038,2025,冷凍空調技術員,C270000000,---,---,---
2039,2025,機械技術員(含造船、輪機、鑄造),C270000000,3229,35811,69.6
2040,2025,化工技術員,C270000000,204,39921,57.6
2041,2025,品管、工管及生管技術員,C270000000,8168,41023,78.7
2042,2025,製圖員,C270000000,756,42615,59.7
2043,2025,環境工程技術員,C270000000,---,---,---
2044,2025,焚化爐、水處理及氣(液)體設備操作員,C270000000,-,-,-
2045,2025,義肢、義齒等人體輔具技術員,C270000000,-,-,-
2046,2025,勞安及衛生技術員,C270000000,---,---,---
2047,2025,其他醫療保健助理專業人員,C270000000,-,-,-
2048,2025,會計人員,C270000000,1626,58125,92.3
2049,2025,統計及精算助理專業人員,C270000000,-,-,-
2050,2025,工商業銷售代表(含業務員),C270000000,8025,61959,99.7
2051,2025,採購員,C270000000,5040,56515,86.3
2052,2025,報關員(含報驗、船務人員),C270000000,986,47211,66.1
2053,2025,不動產經紀人(含房屋仲介),C270000000,-,-,-
2054,2025,專業秘書,C270000000,1100,56970,87.8
2055,2025,法務人員,C270000000,307,66097,101.3
2056,2025,社會工作助理人員,C270000000,-,-,-
2057,2025,運動、健身及休閒娛樂指導員,C270000000,-,-,-
2058,2025,節目助理及舞台相關工作人員,C270000000,-,-,-
2059,2025,資訊管理及維護技術員,C270000000,1751,49781,69.9
2060,2025,廣播及視聽技術員(含放映員),C270000000,-,-,-
2061,2025,電信技術員,C270000000,255,38599,64.4
2062,2025,其他技術員及助理專業人員,C270000000,-,-,-
2063,2025,事務支援人員,C270000000,17090,42424,63.4
2064,2025,總務,C270000000,1426,44774,64.6
2065,2025,辦公室綜合事務人員(含資料登錄、一般事務秘書),C270000000,5950,42494,62.9
2066,2025,收帳、收費人員(含帳款催收),C270000000,-,-,-
2067,2025,接待員及服務台事務人員(含總機),C270000000,458,37083,51.9
2068,2025,電話及網路客服人員,C270000000,167,47560,64.2
2069,2025,統計調查訪談人員,C270000000,-,-,-
2070,2025,醫院(診所)櫃台事務人員,C270000000,-,-,-
2071,2025,會計助理、簿記、出納,C270000000,2217,42352,60.6
2072,2025,統計、財務、證券及保險事務人員,C270000000,---,---,---
2073,2025,存貨事務人員,C270000000,3163,37247,62.3
2074,2025,生產及物料規劃事務人員,C270000000,2902,47785,71.1
2075,2025,運輸事務人員(含稽查、調度、管理、航務),C270000000,-,-,-
2076,2025,人事事務人員,C270000000,781,40553,56.4
2077,2025,其他事務支援人員,C270000000,-,-,-
2078,2025,服務及銷售工作人員,C270000000,1189,40097,62.5
2079,2025,導遊、領隊及解說員,C270000000,-,-,-
2080,2025,廚師(含廚房領班),C270000000,---,---,---
2081,2025,飲料調配及調酒員,C270000000,---,---,---
2082,2025,餐飲服務人員(含餐飲領班、餐食櫃台工作),C270000000,-,-,-
2083,2025,旅館管家、舍監(含房務領班),C270000000,---,---,---
2084,2025,按摩師,C270000000,---,---,---
2085,2025,商店銷售及展售人員(含門市店長),C270000000,---,---,---
2086,2025,電話及網路行銷人員,C270000000,---,---,---
2087,2025,兒童照顧人員(含保母),C270000000,-,-,-
2088,2025,建築物管理員、保全及警衛人員,C270000000,575,42183,64.4
2089,2025,救生員,C270000000,-,-,-
2090,2025,其他服務及銷售工作人員,C270000000,-,-,-
2091,2025,技藝、機械設備操作及組裝人員,C270000000,80096,33338,59.3
2092,2025,園藝及農牧業生產人員,C270000000,---,---,---
2093,2025,空調及冷凍機械裝修人員,C270000000,---,---,---
2094,2025,油漆、噴漆人員(含汽車鍍膜、裱糊工),C270000000,---,---,---
2095,2025,焊接及切割人員(含電焊工、氣焊工),C270000000,---,---,---
2096,2025,板金人員,C270000000,-,-,-
2097,2025,鍛造、錘造及鍛壓工作人員,C270000000,-,-,-
2098,2025,工具製造人員(含模具工、鉗工),C270000000,558,44722,78.6
2099,2025,金屬工具機設定及操作人員,C270000000,1727,36070,52.6
2100,2025,車輛維修人員(含自行車、機車、汽車、火車),C270000000,-,-,-
2101,2025,產業用機器維修人員,C270000000,399,40023,62.9
2102,2025,精密儀器製造及修理人員,C270000000,1592,40175,57.3
2103,2025,玻璃製品製造人員,C270000000,---,---,---
2104,2025,美編、印刷及有關工作人員(含印刷前置、裝訂),C270000000,---,---,---
2105,2025,電力、電子、資通訊設備裝修人員(含水電工),C270000000,4970,33755,70.1
2106,2025,產品分級及檢查人員,C270000000,2270,31708,49
2107,2025,光學鏡片製作人員,C270000000,2696,35013,64.7
2108,2025,生產機械設備操作人員、剪裁或裁縫人員,C270000000,2951,33214,62.3
2109,2025,組裝(現場)人員,C270000000,60812,32845,59
2110,2025,半導體製品產線作業人員,C270000000,1069,33508,53.1
2111,2025,小客、貨車駕駛人員,C270000000,302,40582,63.3
2112,2025,大客、貨車駕駛人員,C270000000,---,---,---
2113,2025,推土、吊車、起重機等移運設備操作人員,C270000000,---,---,---
2114,2025,其他技藝、機械設備操作及組裝人員,C270000000,-,-,-
2115,2025,基層技術工及勞力工,C270000000,3351,30207,51.9
2116,2025,清潔及家事工作人員(含建築清潔工、房務人員),C270000000,426,31645,42
2117,2025,勞力工(含理貨員、行李搬運工),C270000000,2925,29998,53.4
2118,2025,廢棄物收集工及回收資源分類工,C270000000,-,-,-
2119,2025,廚房幫工(含速食烹調),C270000000,-,-,-
2120,2025,抄表員及自動販賣機收款員,C270000000,-,-,-
2121,2025,停車場管理工,C270000000,-,-,-
2122,2025,主管及監督人員,C280000000,11710,82353,134.4
2123,2025,高階主管(總經理及總執行長),C280000000,1423,147932,251
2124,2025,中階主管(經理),C280000000,4207,91908,150.8
2125,2025,監督人員(含現場及辦公室主任、科/股長),C280000000,6080,60393,93.8
2126,2025,專業人員,C280000000,12751,61156,90.9
2127,2025,數理工程及地球科學研究人員,C280000000,-,-,-
2128,2025,品管、工管及生管工程師,C280000000,2182,55408,85.3
2129,2025,土木及水利工程師,C280000000,-,-,-
2130,2025,環境工程師,C280000000,---,---,---
2131,2025,冷凍空調工程師,C280000000,130,50667,75.3
2132,2025,機械工程師(含造船、輪機、鑄造),C280000000,1294,61944,87.8
2133,2025,化學工程師,C280000000,334,63568,99.5
2134,2025,醫療器材、醫學工程師,C280000000,-,-,-
2135,2025,光學工程師,C280000000,---,---,---
2136,2025,電機、電子工程師,C280000000,4730,65367,98.5
2137,2025,電信工程師,C280000000,---,---,---
2138,2025,建築工程師(含建築師),C280000000,-,-,-
2139,2025,景觀設計師、都市及交通規劃師,C280000000,-,-,-
2140,2025,室內設計師,C280000000,---,---,---
2141,2025,平面及多媒體設計師,C280000000,-,-,-
2142,2025,產品及服裝設計師(含工業設計),C280000000,539,51619,74.5
2143,2025,護理人員,C280000000,51,49823,77.7
2144,2025,勞安及衛生管理人員(含工業安全管理師),C280000000,370,53198,77.6
2145,2025,營養師,C280000000,-,-,-
2146,2025,會(審)計師,C280000000,-,-,-
2147,2025,風險控管人員,C280000000,-,-,-
2148,2025,財務及投資規劃分析人員,C280000000,40,61785,101.4
2149,2025,專案管理師(含經營管理顧問),C280000000,521,66888,106.6
2150,2025,稽核人員,C280000000,51,55304,80.9
2151,2025,人力資源管理師,C280000000,317,54055,74.9
2152,2025,廣告及行銷專業人員(含企劃),C280000000,741,57728,84.2
2153,2025,公關專業人員,C280000000,---,---,---
2154,2025,資訊及通訊專業人員(含系統分析、程式設計、資料庫及網路專業人員),C280000000,1306,64125,91.4
2155,2025,律師,C280000000,-,-,-
2156,2025,專利工程師及公證人,C280000000,---,---,---
2157,2025,編輯、作家及有關撰稿人員,C280000000,-,-,-
2158,2025,翻譯人員,C280000000,-,-,-
2159,2025,其他專業人員,C280000000,-,-,-
2160,2025,技術員及助理專業人員,C280000000,15820,45276,65.3
2161,2025,營建工程技術員(含建築、土木、景觀、測量、水利、消防),C280000000,---,---,---
2162,2025,電機、電子技術員,C280000000,3909,41204,62.3
2163,2025,冷凍空調技術員,C280000000,-,-,-
2164,2025,機械技術員(含造船、輪機、鑄造),C280000000,1405,48554,75.9
2165,2025,化工技術員,C280000000,68,42564,52.2
2166,2025,品管、工管及生管技術員,C280000000,3037,41535,60.4
2167,2025,製圖員,C280000000,740,42215,57.1
2168,2025,環境工程技術員,C280000000,---,---,---
2169,2025,焚化爐、水處理及氣(液)體設備操作員,C280000000,-,-,-
2170,2025,勞安及衛生技術員,C280000000,158,43667,59.9
2171,2025,其他醫療保健助理專業人員,C280000000,-,-,-
2172,2025,會計人員,C280000000,326,50829,80.7
2173,2025,統計及精算助理專業人員,C280000000,-,-,-
2174,2025,工商業銷售代表(含業務員),C280000000,3254,51195,73.4
2175,2025,採購員,C280000000,1830,46449,62.4
2176,2025,報關員(含報驗、船務人員),C280000000,330,42757,60.6
2177,2025,不動產經紀人(含房屋仲介),C280000000,-,-,-
2178,2025,專業秘書,C280000000,327,53377,77.3
2179,2025,法務人員,C280000000,34,53098,89.7
2180,2025,攝影師、攝影記者,C280000000,-,-,-
2181,2025,資訊管理及維護技術員,C280000000,359,45682,61.5
2182,2025,電信技術員,C280000000,---,---,---
2183,2025,其他技術員及助理專業人員,C280000000,-,-,-
2184,2025,事務支援人員,C280000000,11368,38248,51.9
2185,2025,總務,C280000000,943,39754,54.9
2186,2025,辦公室綜合事務人員(含資料登錄、一般事務秘書),C280000000,3444,38920,53.9
2187,2025,接待員及服務台事務人員(含總機),C280000000,289,34410,49.4
2188,2025,電話及網路客服人員,C280000000,---,---,---
2189,2025,醫院(診所)櫃台事務人員,C280000000,-,-,-
2190,2025,會計助理、簿記、出納,C280000000,2734,38020,50.1
2191,2025,統計、財務、證券及保險事務人員,C280000000,-,-,-
2192,2025,存貨事務人員,C280000000,1793,37113,49.9
2193,2025,生產及物料規劃事務人員,C280000000,1653,38224,51
2194,2025,運輸事務人員(含稽查、調度、管理、航務),C280000000,-,-,-
2195,2025,人事事務人員,C280000000,478,38419,52.5
2196,2025,郵件處理及投遞人員,C280000000,-,-,-
2197,2025,其他事務支援人員,C280000000,-,-,-
2198,2025,服務及銷售工作人員,C280000000,314,36113,48.9
2199,2025,廚師(含廚房領班),C280000000,-,-,-
2200,2025,餐飲服務人員(含餐飲領班、餐食櫃台工作),C280000000,-,-,-
2201,2025,按摩師,C280000000,---,---,---
2202,2025,商店銷售及展售人員(含門市店長),C280000000,---,---,---
2203,2025,收銀員及售票員,C280000000,-,-,-
2204,2025,建築物管理員、保全及警衛人員,C280000000,297,36514,49.3
2205,2025,技藝、機械設備操作及組裝人員,C280000000,69054,34438,49.5
2206,2025,鋼筋彎紮、模板及混凝土有關工作人員,C280000000,-,-,-
2207,2025,營建木作人員,C280000000,-,-,-
2208,2025,其他營建構造人員(含鷹架工、鋁門窗及廣告招牌製作安裝),C280000000,-,-,-
2209,2025,屋頂工作、地面牆面鋪設、泥作工作人員,C280000000,-,-,-
2210,2025,空調及冷凍機械裝修人員,C280000000,1043,40421,55.7
2211,2025,油漆、噴漆人員(含汽車鍍膜、裱糊工),C280000000,---,---,---
2212,2025,焊接及切割人員(含電焊工、氣焊工),C280000000,1096,39730,53.1
2213,2025,板金人員,C280000000,502,33980,44.3
2214,2025,鍛造、錘造及鍛壓工作人員,C280000000,-,-,-
2215,2025,工具製造人員(含模具工、鉗工),C280000000,270,37852,52.9
2216,2025,金屬工具機設定及操作人員,C280000000,3178,35459,49.8
2217,2025,產業用機器維修人員,C280000000,---,---,---
2218,2025,精密儀器製造及修理人員,C280000000,123,40789,53.3
2219,2025,玻璃製品製造人員,C280000000,-,-,-
2220,2025,美編、印刷及有關工作人員(含印刷前置、裝訂),C280000000,-,-,-
2221,2025,電力、電子、資通訊設備裝修人員(含水電工),C280000000,4392,39409,55.9
2222,2025,產品分級及檢查人員,C280000000,2142,31162,39.4
2223,2025,光學鏡片製作人員,C280000000,-,-,-
2224,2025,生產機械設備操作人員、剪裁或裁縫人員,C280000000,12057,36261,50.3
2225,2025,組裝(現場)人員,C280000000,43076,33071,49
2226,2025,小客、貨車駕駛人員,C280000000,891,38576,49.8
2227,2025,大客、貨車駕駛人員,C280000000,---,---,---
2228,2025,推土、吊車、起重機等移運設備操作人員,C280000000,---,---,---
2229,2025,其他技藝、機械設備操作及組裝人員,C280000000,-,-,-
2230,2025,基層技術工及勞力工,C280000000,2862,30987,39.2
2231,2025,清潔及家事工作人員(含建築清潔工、房務人員),C280000000,250,30673,38.5
2232,2025,勞力工(含理貨員、行李搬運工),C280000000,2612,31017,39.3
2233,2025,廚房幫工(含速食烹調),C280000000,-,-,-
2234,2025,抄表員及自動販賣機收款員,C280000000,-,-,-
2235,2025,停車場管理工,C280000000,-,-,-
2236,2025,主管及監督人員,C290000000,17835,78060,118.9
2237,2025,高階主管(總經理及總執行長),C290000000,1850,135003,235.6
2238,2025,中階主管(經理),C290000000,6114,89859,133.6
2239,2025,監督人員(含現場及辦公室主任、科/股長),C290000000,9871,60079,87.9
2240,2025,專業人員,C290000000,13961,55367,81.4
2241,2025,品管、工管及生管工程師,C290000000,2003,51413,75.9
2242,2025,土木及水利工程師,C290000000,-,-,-
2243,2025,環境工程師,C290000000,-,-,-
2244,2025,冷凍空調工程師,C290000000,-,-,-
2245,2025,機械工程師(含造船、輪機、鑄造),C290000000,4226,53140,78.2
2246,2025,化學工程師,C290000000,---,---,---
2247,2025,地質、採礦、鑽探、冶金工程師,C290000000,-,-,-
2248,2025,醫療器材、醫學工程師,C290000000,-,-,-
2249,2025,光學工程師,C290000000,---,---,---
2250,2025,電機、電子工程師,C290000000,3225,61782,93.3
2251,2025,電信工程師,C290000000,-,-,-
2252,2025,建築工程師(含建築師),C290000000,-,-,-
2253,2025,測量師及製圖師,C290000000,---,---,---
2254,2025,平面及多媒體設計師,C290000000,---,---,---
2255,2025,產品及服裝設計師(含工業設計),C290000000,1126,50030,68.5
2256,2025,護理人員,C290000000,---,---,---
2257,2025,勞安及衛生管理人員(含工業安全管理師),C290000000,360,53327,77.7
2258,2025,營養師,C290000000,---,---,---
2259,2025,會(審)計師,C290000000,---,---,---
2260,2025,財務及投資規劃分析人員,C290000000,53,60824,95.5
2261,2025,專案管理師(含經營管理顧問),C290000000,486,65181,101.9
2262,2025,稽核人員,C290000000,---,---,---
2263,2025,人力資源管理師,C290000000,275,51408,72.9
2264,2025,廣告及行銷專業人員(含企劃),C290000000,529,46428,65.7
2265,2025,公關專業人員,C290000000,---,---,---
2266,2025,資訊及通訊專業人員(含系統分析、程式設計、資料庫及網路專業人員),C290000000,1409,58356,84.8
2267,2025,律師,C290000000,---,---,---
2268,2025,專利工程師及公證人,C290000000,-,-,-
2269,2025,編輯、作家及有關撰稿人員,C290000000,-,-,-
2270,2025,翻譯人員,C290000000,---,---,---
2271,2025,其他專業人員,C290000000,-,-,-
2272,2025,技術員及助理專業人員,C290000000,29086,42515,59
2273,2025,營建工程技術員(含建築、土木、景觀、測量、水利、消防),C290000000,---,---,---
2274,2025,電機、電子技術員,C290000000,2883,42378,58.7
2275,2025,冷凍空調技術員,C290000000,-,-,-
2276,2025,機械技術員(含造船、輪機、鑄造),C290000000,8760,42118,57.6
2277,2025,化工技術員,C290000000,---,---,---
2278,2025,品管、工管及生管技術員,C290000000,4160,38283,52.5
2279,2025,製圖員,C290000000,3338,40013,53.3
2280,2025,環境工程技術員,C290000000,---,---,---
2281,2025,焚化爐、水處理及氣(液)體設備操作員,C290000000,---,---,---
2282,2025,化學加工設備控制員,C290000000,-,-,-
2283,2025,金屬生產製程控制員,C290000000,-,-,-
2284,2025,醫療設備控制技術員,C290000000,-,-,-
2285,2025,勞安及衛生技術員,C290000000,421,37933,51.4
2286,2025,其他醫療保健助理專業人員,C290000000,-,-,-
2287,2025,會計人員,C290000000,373,48753,69.6
2288,2025,工商業銷售代表(含業務員),C290000000,4615,49848,73.1
2289,2025,採購員,C290000000,3388,40146,55.5
2290,2025,報關員(含報驗、船務人員),C290000000,61,48889,72.3
2291,2025,專業秘書,C290000000,413,48229,71.9
2292,2025,法務人員,C290000000,---,---,---
2293,2025,職業運動員,C290000000,-,-,-
2294,2025,資訊管理及維護技術員,C290000000,568,42664,58.1
2295,2025,電信技術員,C290000000,-,-,-
2296,2025,其他技術員及助理專業人員,C290000000,-,-,-
2297,2025,事務支援人員,C290000000,22906,37406,50
2298,2025,總務,C290000000,1984,38948,52.3
2299,2025,辦公室綜合事務人員(含資料登錄、一般事務秘書),C290000000,7964,37297,50.2
2300,2025,收帳、收費人員(含帳款催收),C290000000,---,---,---
2301,2025,接待員及服務台事務人員(含總機),C290000000,377,33517,44.9
2302,2025,電話及網路客服人員,C290000000,---,---,---
2303,2025,醫院(診所)櫃台事務人員,C290000000,-,-,-
2304,2025,會計助理、簿記、出納,C290000000,5986,36642,47.5
2305,2025,統計、財務、證券及保險事務人員,C290000000,-,-,-
2306,2025,存貨事務人員,C290000000,3146,37034,50.5
2307,2025,生產及物料規劃事務人員,C290000000,2462,39578,52.4
2308,2025,運輸事務人員(含稽查、調度、管理、航務),C290000000,-,-,-
2309,2025,人事事務人員,C290000000,894,35776,49.5
2310,2025,其他事務支援人員,C290000000,-,-,-
2311,2025,服務及銷售工作人員,C290000000,2753,32499,42.7
2312,2025,廚師(含廚房領班),C290000000,402,35569,48.5
2313,2025,按摩師,C290000000,---,---,---
2314,2025,商店銷售及展售人員(含門市店長),C290000000,-,-,-
2315,2025,電話及網路行銷人員,C290000000,-,-,-
2316,2025,健康照顧人員(含看護、月子照護),C290000000,-,-,-
2317,2025,建築物管理員、保全及警衛人員,C290000000,2245,32115,41.9
2318,2025,其他服務及銷售工作人員,C290000000,-,-,-
2319,2025,技藝、機械設備操作及組裝人員,C290000000,147283,36887,50.7
2320,2025,園藝及農牧業生產人員,C290000000,-,-,-
2321,2025,砌磚及有關工作人員,C290000000,---,---,---
2322,2025,管道裝設人員(含檢修),C290000000,-,-,-
2323,2025,空調及冷凍機械裝修人員,C290000000,-,-,-
2324,2025,油漆、噴漆人員(含汽車鍍膜、裱糊工),C290000000,1449,34472,45.8
2325,2025,金屬砂模及砂心製造人員,C290000000,---,---,---
2326,2025,焊接及切割人員(含電焊工、氣焊工),C290000000,8207,37212,50.2
2327,2025,板金人員,C290000000,1526,35585,46.7
2328,2025,金屬結構預備及組合人員,C290000000,216,50931,75.5
2329,2025,鍛造、錘造及鍛壓工作人員,C290000000,1496,40294,50.3
2330,2025,工具製造人員(含模具工、鉗工),C290000000,3941,37483,51.2
2331,2025,金屬工具機設定及操作人員,C290000000,35866,36523,54.8
2332,2025,航空器維修人員,C290000000,-,-,-
2333,2025,產業用機器維修人員,C290000000,5891,51808,78.5
2334,2025,精密儀器製造及修理人員,C290000000,-,-,-
2335,2025,美編、印刷及有關工作人員(含印刷前置、裝訂),C290000000,---,---,---
2336,2025,電力、電子、資通訊設備裝修人員(含水電工),C290000000,7869,44234,71.3
2337,2025,產品分級及檢查人員,C290000000,3733,31756,41.2
2338,2025,木材處理、家具木工及有關工作人員,C290000000,-,-,-
2339,2025,製鞋及有關工作人員,C290000000,-,-,-
2340,2025,生產機械設備操作人員、剪裁或裁縫人員,C290000000,12673,35186,45
2341,2025,組裝(現場)人員,C290000000,61942,35119,44.9
2342,2025,半導體製品產線作業人員,C290000000,-,-,-
2343,2025,小客、貨車駕駛人員,C290000000,2151,39286,52.1
2344,2025,大客、貨車駕駛人員,C290000000,---,---,---
2345,2025,推土、吊車、起重機等移運設備操作人員,C290000000,---,---,---
2346,2025,其他技藝、機械設備操作及組裝人員,C290000000,-,-,-
2347,2025,基層技術工及勞力工,C290000000,4670,31429,43
2348,2025,清潔及家事工作人員(含建築清潔工、房務人員),C290000000,788,30828,38.6
2349,2025,勞力工(含理貨員、行李搬運工),C290000000,3874,31550,44
2350,2025,廚房幫工(含速食烹調),C290000000,---,---,---
2351,2025,抄表員及自動販賣機收款員,C290000000,-,-,-
2352,2025,停車場管理工,C290000000,-,-,-
2353,2025,主管及監督人員,C300000000,9903,69778,109.2
2354,2025,高階主管(總經理及總執行長),C300000000,706,139493,250.3
2355,2025,中階主管(經理),C300000000,2721,81611,123.5
2356,2025,監督人員(含現場及辦公室主任、科/股長),C300000000,6476,57206,87.3
2357,2025,專業人員,C300000000,6677,50412,77.3
2358,2025,品管、工管及生管工程師,C300000000,1585,48485,73.4
2359,2025,土木及水利工程師,C300000000,---,---,---
2360,2025,環境工程師,C300000000,-,-,-
2361,2025,航空機械工程師,C300000000,-,-,-
2362,2025,機械工程師(含造船、輪機、鑄造),C300000000,1955,51767,84.5
2363,2025,化學工程師,C300000000,---,---,---
2364,2025,醫療器材、醫學工程師,C300000000,-,-,-
2365,2025,光學工程師,C300000000,-,-,-
2366,2025,電機、電子工程師,C300000000,752,52726,79.7
2367,2025,建築工程師(含建築師),C300000000,-,-,-
2368,2025,景觀設計師、都市及交通規劃師,C300000000,---,---,---
2369,2025,平面及多媒體設計師,C300000000,-,-,-
2370,2025,產品及服裝設計師(含工業設計),C300000000,866,47693,66.5
2371,2025,護理人員,C300000000,---,---,---
2372,2025,勞安及衛生管理人員(含工業安全管理師),C300000000,210,48150,73.5
2373,2025,會(審)計師,C300000000,---,---,---
2374,2025,財務及投資規劃分析人員,C300000000,43,58277,93.1
2375,2025,專案管理師(含經營管理顧問),C300000000,309,54741,82.3
2376,2025,稽核人員,C300000000,---,---,---
2377,2025,人力資源管理師,C300000000,164,49394,75.8
2378,2025,廣告及行銷專業人員(含企劃),C300000000,252,45817,64.7
2379,2025,公關專業人員,C300000000,---,---,---
2380,2025,資訊及通訊專業人員(含系統分析、程式設計、資料庫及網路專業人員),C300000000,428,51761,80.2
2381,2025,律師,C300000000,---,---,---
2382,2025,專利工程師及公證人,C300000000,-,-,-
2383,2025,社工師、心理專業人員,C300000000,-,-,-
2384,2025,翻譯人員,C300000000,---,---,---
2385,2025,其他專業人員,C300000000,-,-,-
2386,2025,技術員及助理專業人員,C300000000,9524,40258,57.4
2387,2025,營建工程技術員(含建築、土木、景觀、測量、水利、消防),C300000000,-,-,-
2388,2025,電機、電子技術員,C300000000,640,39063,55.8
2389,2025,冷凍空調技術員,C300000000,-,-,-
2390,2025,機械技術員(含造船、輪機、鑄造),C300000000,1891,40994,61.7
2391,2025,化工技術員,C300000000,-,-,-
2392,2025,品管、工管及生管技術員,C300000000,3393,38081,54.6
2393,2025,製圖員,C300000000,436,38438,50.1
2394,2025,環境工程技術員,C300000000,-,-,-
2395,2025,紡織技術員,C300000000,-,-,-
2396,2025,發電設備操作員,C300000000,-,-,-
2397,2025,焚化爐、水處理及氣(液)體設備操作員,C300000000,---,---,---
2398,2025,勞安及衛生技術員,C300000000,215,38257,62.6
2399,2025,會計人員,C300000000,---,---,---
2400,2025,統計及精算助理專業人員,C300000000,-,-,-
2401,2025,工商業銷售代表(含業務員),C300000000,1345,44188,60.2
2402,2025,採購員,C300000000,1239,41357,57.8
2403,2025,報關員(含報驗、船務人員),C300000000,---,---,---
2404,2025,專業秘書,C300000000,---,---,---
2405,2025,法務人員,C300000000,---,---,---
2406,2025,資訊管理及維護技術員,C300000000,189,40998,55.1
2407,2025,電信技術員,C300000000,-,-,-
2408,2025,其他技術員及助理專業人員,C300000000,-,-,-
2409,2025,事務支援人員,C300000000,6946,36470,49
2410,2025,總務,C300000000,520,36027,47.2
2411,2025,辦公室綜合事務人員(含資料登錄、一般事務秘書),C300000000,2037,36892,50.3
2412,2025,接待員及服務台事務人員(含總機),C300000000,---,---,---
2413,2025,電話及網路客服人員,C300000000,---,---,---
2414,2025,統計調查訪談人員,C300000000,-,-,-
2415,2025,醫院(診所)櫃台事務人員,C300000000,-,-,-
2416,2025,會計助理、簿記、出納,C300000000,1230,38161,50.9
2417,2025,統計、財務、證券及保險事務人員,C300000000,-,-,-
2418,2025,存貨事務人員,C300000000,1095,34185,46.4
2419,2025,生產及物料規劃事務人員,C300000000,1577,36167,47.9
2420,2025,運輸事務人員(含稽查、調度、管理、航務),C300000000,-,-,-
2421,2025,人事事務人員,C300000000,320,35866,47.9
2422,2025,其他事務支援人員,C300000000,-,-,-
2423,2025,服務及銷售工作人員,C300000000,---,---,---
2424,2025,廚師(含廚房領班),C300000000,---,---,---
2425,2025,商店銷售及展售人員(含門市店長),C300000000,-,-,-
2426,2025,建築物管理員、保全及警衛人員,C300000000,---,---,---
2427,2025,其他服務及銷售工作人員,C300000000,-,-,-
2428,2025,技藝、機械設備操作及組裝人員,C300000000,43061,34790,49.8
2429,2025,營建木作人員,C300000000,---,---,---
2430,2025,油漆、噴漆人員(含汽車鍍膜、裱糊工),C300000000,1239,42325,76.1
2431,2025,金屬砂模及砂心製造人員,C300000000,-,-,-
2432,2025,焊接及切割人員(含電焊工、氣焊工),C300000000,2304,39924,65.8
2433,2025,板金人員,C300000000,684,35922,53.1
2434,2025,金屬結構預備及組合人員,C300000000,749,40192,68.5
2435,2025,鍛造、錘造及鍛壓工作人員,C300000000,1127,38529,55.9
2436,2025,工具製造人員(含模具工、鉗工),C300000000,1569,37363,50.7
2437,2025,金屬工具機設定及操作人員,C300000000,5103,32770,45.2
2438,2025,車輛維修人員(含自行車、機車、汽車、火車),C300000000,634,40742,74.6
2439,2025,航空器維修人員,C300000000,-,-,-
2440,2025,產業用機器維修人員,C300000000,423,44501,63.6
2441,2025,玻璃製品製造人員,C300000000,-,-,-
2442,2025,美編、印刷及有關工作人員(含印刷前置、裝訂),C300000000,-,-,-
2443,2025,電力、電子、資通訊設備裝修人員(含水電工),C300000000,458,42236,72.2
2444,2025,產品分級及檢查人員,C300000000,1050,37183,60
2445,2025,木材處理、家具木工及有關工作人員,C300000000,-,-,-
2446,2025,服飾打樣人員,C300000000,-,-,-
2447,2025,潛水人員,C300000000,-,-,-
2448,2025,生產機械設備操作人員、剪裁或裁縫人員,C300000000,7536,33538,45.5
2449,2025,組裝(現場)人員,C300000000,19178,33100,45.3
2450,2025,小客、貨車駕駛人員,C300000000,367,35882,46.6
2451,2025,大客、貨車駕駛人員,C300000000,159,40348,53.2
2452,2025,推土、吊車、起重機等移運設備操作人員,C300000000,476,40587,74
2453,2025,其他技藝、機械設備操作及組裝人員,C300000000,-,-,-
2454,2025,基層技術工及勞力工,C300000000,2865,30634,43.6
2455,2025,清潔及家事工作人員(含建築清潔工、房務人員),C300000000,202,30060,38.9
2456,2025,勞力工(含理貨員、行李搬運工),C300000000,2663,30678,43.9
2457,2025,廚房幫工(含速食烹調),C300000000,-,-,-
2458,2025,抄表員及自動販賣機收款員,C300000000,-,-,-
2459,2025,停車場管理工,C300000000,-,-,-
2460,2025,主管及監督人員,C310000000,6298,74940,111.7
2461,2025,高階主管(總經理及總執行長),C310000000,623,144556,227.2
2462,2025,中階主管(經理),C310000000,1636,86868,129.3
2463,2025,監督人員(含現場及辦公室主任、科/股長),C310000000,4039,59370,91.3
2464,2025,專業人員,C310000000,6499,58444,86.6
2465,2025,品管、工管及生管工程師,C310000000,1364,54590,78.7
2466,2025,土木及水利工程師,C310000000,---,---,---
2467,2025,環境工程師,C310000000,-,-,-
2468,2025,航空機械工程師,C310000000,604,68796,103.5
2469,2025,機械工程師(含造船、輪機、鑄造),C310000000,1573,57209,83.5
2470,2025,化學工程師,C310000000,-,-,-
2471,2025,紡織工程師,C310000000,-,-,-
2472,2025,醫療器材、醫學工程師,C310000000,-,-,-
2473,2025,電機、電子工程師,C310000000,566,62521,91
2474,2025,電信工程師,C310000000,-,-,-
2475,2025,建築工程師(含建築師),C310000000,---,---,---
2476,2025,測量師及製圖師,C310000000,-,-,-
2477,2025,室內設計師,C310000000,-,-,-
2478,2025,產品及服裝設計師(含工業設計),C310000000,762,51940,77.7
2479,2025,醫師,C310000000,-,-,-
2480,2025,護理人員,C310000000,---,---,---
2481,2025,勞安及衛生管理人員(含工業安全管理師),C310000000,166,49978,72.2
2482,2025,會(審)計師,C310000000,---,---,---
2483,2025,風險控管人員,C310000000,---,---,---
2484,2025,財務及投資規劃分析人員,C310000000,---,---,---
2485,2025,專案管理師(含經營管理顧問),C310000000,443,68964,104.6
2486,2025,稽核人員,C310000000,---,---,---
2487,2025,人力資源管理師,C310000000,144,57518,86.5
2488,2025,廣告及行銷專業人員(含企劃),C310000000,381,53112,80.2
2489,2025,公關專業人員,C310000000,-,-,-
2490,2025,資訊及通訊專業人員(含系統分析、程式設計、資料庫及網路專業人員),C310000000,406,62386,90.9
2491,2025,律師,C310000000,---,---,---
2492,2025,專利工程師及公證人,C310000000,---,---,---
2493,2025,社工師、心理專業人員,C310000000,---,---,---
2494,2025,翻譯人員,C310000000,---,---,---
2495,2025,其他專業人員,C310000000,-,-,-
2496,2025,技術員及助理專業人員,C310000000,9617,44970,65.2
2497,2025,營建工程技術員(含建築、土木、景觀、測量、水利、消防),C310000000,---,---,---
2498,2025,電機、電子技術員,C310000000,601,46907,73.1
2499,2025,航空機械技術員,C310000000,508,45240,69.9
2500,2025,機械技術員(含造船、輪機、鑄造),C310000000,2534,46913,69.7
2501,2025,化工技術員,C310000000,---,---,---
2502,2025,品管、工管及生管技術員,C310000000,2524,40320,57.2
2503,2025,製圖員,C310000000,360,45773,60.4
2504,2025,地質、採礦、鑽探、冶金技術員,C310000000,-,-,-
2505,2025,環境工程技術員,C310000000,-,-,-
2506,2025,紡織技術員,C310000000,-,-,-
2507,2025,焚化爐、水處理及氣(液)體設備操作員,C310000000,-,-,-
2508,2025,化學加工設備控制員,C310000000,-,-,-
2509,2025,金屬生產製程控制員,C310000000,-,-,-
2510,2025,船舶監管人員(含引水人員),C310000000,---,---,---
2511,2025,航空駕駛員,C310000000,---,---,---
2512,2025,勞安及衛生技術員,C310000000,175,46862,67.6
2513,2025,其他醫療保健助理專業人員,C310000000,-,-,-
2514,2025,會計人員,C310000000,57,52597,82.4
2515,2025,統計及精算助理專業人員,C310000000,-,-,-
2516,2025,工商業銷售代表(含業務員),C310000000,1145,45085,63.4
2517,2025,採購員,C310000000,973,45216,64.9
2518,2025,報關員(含報驗、船務人員),C310000000,-,-,-
2519,2025,專業秘書,C310000000,---,---,---
2520,2025,法務人員,C310000000,---,---,---
2521,2025,社會工作助理人員,C310000000,-,-,-
2522,2025,資訊管理及維護技術員,C310000000,219,44614,60.8
2523,2025,電信技術員,C310000000,-,-,-
2524,2025,其他技術員及助理專業人員,C310000000,-,-,-
2525,2025,事務支援人員,C310000000,5586,39281,56.4
2526,2025,總務,C310000000,356,40132,56.1
2527,2025,辦公室綜合事務人員(含資料登錄、一般事務秘書),C310000000,1609,38409,56.1
2528,2025,接待員及服務台事務人員(含總機),C310000000,---,---,---
2529,2025,電話及網路客服人員,C310000000,-,-,-
2530,2025,統計調查訪談人員,C310000000,-,-,-
2531,2025,醫院(診所)櫃台事務人員,C310000000,-,-,-
2532,2025,會計助理、簿記、出納,C310000000,1103,40099,57.2
2533,2025,統計、財務、證券及保險事務人員,C310000000,---,---,---
2534,2025,存貨事務人員,C310000000,764,36684,53
2535,2025,生產及物料規劃事務人員,C310000000,1419,41005,58.8
2536,2025,運輸事務人員(含稽查、調度、管理、航務),C310000000,-,-,-
2537,2025,人事事務人員,C310000000,250,39212,55.1
2538,2025,郵件處理及投遞人員,C310000000,-,-,-
2539,2025,其他事務支援人員,C310000000,-,-,-
2540,2025,服務及銷售工作人員,C310000000,223,37070,51.8
2541,2025,廚師(含廚房領班),C310000000,---,---,---
2542,2025,餐飲服務人員(含餐飲領班、餐食櫃台工作),C310000000,-,-,-
2543,2025,商店銷售及展售人員(含門市店長),C310000000,66,46301,70.5
2544,2025,電話及網路行銷人員,C310000000,-,-,-
2545,2025,建築物管理員、保全及警衛人員,C310000000,---,---,---
2546,2025,技藝、機械設備操作及組裝人員,C310000000,41149,36004,50.6
2547,2025,園藝及農牧業生產人員,C310000000,-,-,-
2548,2025,鋼筋彎紮、模板及混凝土有關工作人員,C310000000,-,-,-
2549,2025,營建木作人員,C310000000,472,40669,68.2
2550,2025,絕緣材料、玻璃安裝人員,C310000000,-,-,-
2551,2025,管道裝設人員(含檢修),C310000000,-,-,-
2552,2025,空調及冷凍機械裝修人員,C310000000,-,-,-
2553,2025,油漆、噴漆人員(含汽車鍍膜、裱糊工),C310000000,1587,39160,55.3
2554,2025,焊接及切割人員(含電焊工、氣焊工),C310000000,2265,44925,63.2
2555,2025,板金人員,C310000000,79,39971,54.5
2556,2025,金屬結構預備及組合人員,C310000000,986,53033,69.1
2557,2025,鍛造、錘造及鍛壓工作人員,C310000000,755,33429,45.4
2558,2025,工具製造人員(含模具工、鉗工),C310000000,778,45649,60.7
2559,2025,金屬工具機設定及操作人員,C310000000,6067,35227,56.5
2560,2025,車輛維修人員(含自行車、機車、汽車、火車),C310000000,---,---,---
2561,2025,航空器維修人員,C310000000,520,46426,73.2
2562,2025,產業用機器維修人員,C310000000,315,43990,72
2563,2025,美編、印刷及有關工作人員(含印刷前置、裝訂),C310000000,-,-,-
2564,2025,電力、電子、資通訊設備裝修人員(含水電工),C310000000,521,45573,59.4
2565,2025,食品製造及處理人員(含酒類、飲料、製糖、菸葉),C310000000,-,-,-
2566,2025,產品分級及檢查人員,C310000000,1003,32269,41.9
2567,2025,木材處理、家具木工及有關工作人員,C310000000,-,-,-
2568,2025,服飾打樣人員,C310000000,-,-,-
2569,2025,製鞋及有關工作人員,C310000000,-,-,-
2570,2025,生產機械設備操作人員、剪裁或裁縫人員,C310000000,4687,33781,46.9
2571,2025,組裝(現場)人員,C310000000,20409,33394,45.2
2572,2025,小客、貨車駕駛人員,C310000000,215,38557,51
2573,2025,大客、貨車駕駛人員,C310000000,201,39601,54.1
2574,2025,推土、吊車、起重機等移運設備操作人員,C310000000,256,66405,90
2575,2025,船舶艙面水手及有關工作人員,C310000000,-,-,-
2576,2025,其他技藝、機械設備操作及組裝人員,C310000000,-,-,-
2577,2025,基層技術工及勞力工,C310000000,2054,30137,38.9
2578,2025,清潔及家事工作人員(含建築清潔工、房務人員),C310000000,---,---,---
2579,2025,勞力工(含理貨員、行李搬運工),C310000000,1852,30123,38.8
2580,2025,廚房幫工(含速食烹調),C310000000,-,-,-
2581,2025,抄表員及自動販賣機收款員,C310000000,-,-,-
2582,2025,停車場管理工,C310000000,-,-,-
2583,2025,主管及監督人員,C320000000,2021,54569,74.8
2584,2025,高階主管(總經理及總執行長),C320000000,58,125290,172.5
2585,2025,中階主管(經理),C320000000,626,66624,95.6
2586,2025,監督人員(含現場及辦公室主任、科/股長),C320000000,1337,45857,59.9
2587,2025,專業人員,C320000000,478,42188,56.2
2588,2025,品管、工管及生管工程師,C320000000,---,---,---
2589,2025,土木及水利工程師,C320000000,-,-,-
2590,2025,機械工程師(含造船、輪機、鑄造),C320000000,---,---,---
2591,2025,化學工程師,C320000000,-,-,-
2592,2025,電機、電子工程師,C320000000,---,---,---
2593,2025,室內設計師,C320000000,-,-,-
2594,2025,平面及多媒體設計師,C320000000,-,-,-
2595,2025,產品及服裝設計師(含工業設計),C320000000,---,---,---
2596,2025,勞安及衛生管理人員(含工業安全管理師),C320000000,---,---,---
2597,2025,會(審)計師,C320000000,-,-,-
2598,2025,專案管理師(含經營管理顧問),C320000000,-,-,-
2599,2025,稽核人員,C320000000,-,-,-
2600,2025,人力資源管理師,C320000000,---,---,---
2601,2025,廣告及行銷專業人員(含企劃),C320000000,---,---,---
2602,2025,資訊及通訊專業人員(含系統分析、程式設計、資料庫及網路專業人員),C320000000,---,---,---
2603,2025,翻譯人員,C320000000,-,-,-
2604,2025,其他專業人員,C320000000,-,-,-
2605,2025,技術員及助理專業人員,C320000000,2765,37000,49
2606,2025,營建工程技術員(含建築、土木、景觀、測量、水利、消防),C320000000,-,-,-
2607,2025,電機、電子技術員,C320000000,---,---,---
2608,2025,機械技術員(含造船、輪機、鑄造),C320000000,---,---,---
2609,2025,化工技術員,C320000000,-,-,-
2610,2025,品管、工管及生管技術員,C320000000,563,36369,49.9
2611,2025,製圖員,C320000000,478,35778,45.8
2612,2025,環境工程技術員,C320000000,-,-,-
2613,2025,焚化爐、水處理及氣(液)體設備操作員,C320000000,-,-,-
2614,2025,勞安及衛生技術員,C320000000,---,---,---
2615,2025,會計人員,C320000000,---,---,---
2616,2025,工商業銷售代表(含業務員),C320000000,882,40471,54.9
2617,2025,採購員,C320000000,554,33245,42.8
2618,2025,報關員(含報驗、船務人員),C320000000,-,-,-
2619,2025,專業秘書,C320000000,---,---,---
2620,2025,法務人員,C320000000,-,-,-
2621,2025,資訊管理及維護技術員,C320000000,---,---,---
2622,2025,其他技術員及助理專業人員,C320000000,-,-,-
2623,2025,事務支援人員,C320000000,4262,32865,43.3
2624,2025,總務,C320000000,---,---,---
2625,2025,辦公室綜合事務人員(含資料登錄、一般事務秘書),C320000000,1342,33141,43.5
2626,2025,接待員及服務台事務人員(含總機),C320000000,---,---,---
2627,2025,電話及網路客服人員,C320000000,-,-,-
2628,2025,醫院(診所)櫃台事務人員,C320000000,-,-,-
2629,2025,會計助理、簿記、出納,C320000000,1207,33971,44.3
2630,2025,存貨事務人員,C320000000,462,31290,39.5
2631,2025,生產及物料規劃事務人員,C320000000,587,32037,45.3
2632,2025,運輸事務人員(含稽查、調度、管理、航務),C320000000,-,-,-
2633,2025,人事事務人員,C320000000,---,---,---
2634,2025,服務及銷售工作人員,C320000000,278,31875,43.8
2635,2025,廚師(含廚房領班),C320000000,-,-,-
2636,2025,商店銷售及展售人員(含門市店長),C320000000,251,32015,44.3
2637,2025,建築物管理員、保全及警衛人員,C320000000,---,---,---
2638,2025,其他服務及銷售工作人員,C320000000,-,-,-
2639,2025,技藝、機械設備操作及組裝人員,C320000000,20073,31858,42.5
2640,2025,營建木作人員,C320000000,-,-,-
2641,2025,油漆、噴漆人員(含汽車鍍膜、裱糊工),C320000000,522,32489,43.6
2642,2025,焊接及切割人員(含電焊工、氣焊工),C320000000,834,31184,44
2643,2025,板金人員,C320000000,-,-,-
2644,2025,工具製造人員(含模具工、鉗工),C320000000,---,---,---
2645,2025,金屬工具機設定及操作人員,C320000000,1095,30192,40.3
2646,2025,產業用機器維修人員,C320000000,-,-,-
2647,2025,陶瓷製品有關工作人員(含磚瓦),C320000000,-,-,-
2648,2025,美編、印刷及有關工作人員(含印刷前置、裝訂),C320000000,-,-,-
2649,2025,電力、電子、資通訊設備裝修人員(含水電工),C320000000,-,-,-
2650,2025,產品分級及檢查人員,C320000000,---,---,---
2651,2025,木材處理、家具木工及有關工作人員,C320000000,5358,31921,41
2652,2025,服飾打樣人員,C320000000,-,-,-
2653,2025,生產機械設備操作人員、剪裁或裁縫人員,C320000000,2516,32261,40.6
2654,2025,組裝(現場)人員,C320000000,8638,31448,43.3
2655,2025,小客、貨車駕駛人員,C320000000,460,35563,49.9
2656,2025,大客、貨車駕駛人員,C320000000,---,---,---
2657,2025,推土、吊車、起重機等移運設備操作人員,C320000000,-,-,-
2658,2025,其他技藝、機械設備操作及組裝人員,C320000000,-,-,-
2659,2025,基層技術工及勞力工,C320000000,500,29993,38.1
2660,2025,清潔及家事工作人員(含建築清潔工、房務人員),C320000000,---,---,---
2661,2025,勞力工(含理貨員、行李搬運工),C320000000,442,29998,37.1
2662,2025,廚房幫工(含速食烹調),C320000000,---,---,---
2663,2025,抄表員及自動販賣機收款員,C320000000,-,-,-
2664,2025,停車場管理工,C320000000,-,-,-
2665,2025,主管及監督人員,C330000000,8219,74587,109.6
2666,2025,高階主管(總經理及總執行長),C330000000,770,147133,244.9
2667,2025,中階主管(經理),C330000000,2847,86939,124.4
2668,2025,監督人員(含現場及辦公室主任、科/股長),C330000000,4602,54808,78.2
2669,2025,專業人員,C330000000,6292,52363,77.8
2670,2025,統計及精算專業人員,C330000000,-,-,-
2671,2025,品管、工管及生管工程師,C330000000,1254,51093,70.1
2672,2025,環境工程師,C330000000,-,-,-
2673,2025,冷凍空調工程師,C330000000,-,-,-
2674,2025,機械工程師(含造船、輪機、鑄造),C330000000,741,54212,78.5
2675,2025,化學工程師,C330000000,215,52616,83.1
2676,2025,地質、採礦、鑽探、冶金工程師,C330000000,-,-,-
2677,2025,紡織工程師,C330000000,-,-,-
2678,2025,醫療器材、醫學工程師,C330000000,1051,53067,79.8
2679,2025,生物科學工程師,C330000000,-,-,-
2680,2025,光學工程師,C330000000,-,-,-
2681,2025,電機、電子工程師,C330000000,538,57332,82.8
2682,2025,建築工程師(含建築師),C330000000,-,-,-
2683,2025,平面及多媒體設計師,C330000000,---,---,---
2684,2025,產品及服裝設計師(含工業設計),C330000000,735,49045,79.5
2685,2025,護理人員,C330000000,---,---,---
2686,2025,獸醫師,C330000000,-,-,-
2687,2025,藥事人員(含藥師),C330000000,-,-,-
2688,2025,勞安及衛生管理人員(含工業安全管理師),C330000000,206,47270,67.2
2689,2025,營養師,C330000000,-,-,-
2690,2025,其他醫療保健專業人員,C330000000,-,-,-
2691,2025,會(審)計師,C330000000,-,-,-
2692,2025,風險控管人員,C330000000,-,-,-
2693,2025,財務及投資規劃分析人員,C330000000,---,---,---
2694,2025,專案管理師(含經營管理顧問),C330000000,---,---,---
2695,2025,稽核人員,C330000000,---,---,---
2696,2025,人力資源管理師,C330000000,215,47820,65.3
2697,2025,廣告及行銷專業人員(含企劃),C330000000,482,46244,72.7
2698,2025,公關專業人員,C330000000,-,-,-
2699,2025,資訊及通訊專業人員(含系統分析、程式設計、資料庫及網路專業人員),C330000000,674,58291,90.5
2700,2025,律師,C330000000,-,-,-
2701,2025,專利工程師及公證人,C330000000,---,---,---
2702,2025,翻譯人員,C330000000,-,-,-
2703,2025,電影、舞台及有關導演與製作人,C330000000,-,-,-
2704,2025,其他專業人員,C330000000,-,-,-
2705,2025,技術員及助理專業人員,C330000000,11974,40436,56.3
2706,2025,營建工程技術員(含建築、土木、景觀、測量、水利、消防),C330000000,---,---,---
2707,2025,電機、電子技術員,C330000000,576,41861,61
2708,2025,冷凍空調技術員,C330000000,---,---,---
2709,2025,機械技術員(含造船、輪機、鑄造),C330000000,1951,40708,59.4
2710,2025,化工技術員,C330000000,448,35429,47.8
2711,2025,品管、工管及生管技術員,C330000000,4150,37025,49
2712,2025,製圖員,C330000000,528,39488,50.7
2713,2025,地質、採礦、鑽探、冶金技術員,C330000000,-,-,-
2714,2025,環境工程技術員,C330000000,---,---,---
2715,2025,焚化爐、水處理及氣(液)體設備操作員,C330000000,-,-,-
2716,2025,化學加工設備控制員,C330000000,-,-,-
2717,2025,金屬生產製程控制員,C330000000,-,-,-
2718,2025,生命科學技術員,C330000000,-,-,-
2719,2025,醫療設備控制技術員,C330000000,-,-,-
2720,2025,醫學及病理檢驗人員,C330000000,-,-,-
2721,2025,義肢、義齒等人體輔具技術員,C330000000,---,---,---
2722,2025,配鏡、驗光技術員,C330000000,-,-,-
2723,2025,勞安及衛生技術員,C330000000,---,---,---
2724,2025,其他醫療保健助理專業人員,C330000000,-,-,-
2725,2025,會計人員,C330000000,210,50767,75
2726,2025,工商業銷售代表(含業務員),C330000000,1908,46253,65.7
2727,2025,採購員,C330000000,1160,40674,56.8
2728,2025,報關員(含報驗、船務人員),C330000000,---,---,---
2729,2025,會議及活動規劃人員,C330000000,---,---,---
2730,2025,專業秘書,C330000000,169,48954,73.7
2731,2025,法務人員,C330000000,---,---,---
2732,2025,資訊管理及維護技術員,C330000000,322,43547,56.6
2733,2025,廣播及視聽技術員(含放映員),C330000000,-,-,-
2734,2025,其他技術員及助理專業人員,C330000000,-,-,-
2735,2025,事務支援人員,C330000000,8304,37195,49.7
2736,2025,總務,C330000000,604,36924,49.9
2737,2025,辦公室綜合事務人員(含資料登錄、一般事務秘書),C330000000,3194,38149,50
2738,2025,收帳、收費人員(含帳款催收),C330000000,-,-,-
2739,2025,接待員及服務台事務人員(含總機),C330000000,---,---,---
2740,2025,電話及網路客服人員,C330000000,---,---,---
2741,2025,醫院(診所)櫃台事務人員,C330000000,-,-,-
2742,2025,會計助理、簿記、出納,C330000000,1623,37956,51.3
2743,2025,統計、財務、證券及保險事務人員,C330000000,-,-,-
2744,2025,存貨事務人員,C330000000,1070,34961,48
2745,2025,生產及物料規劃事務人員,C330000000,1389,36477,50.1
2746,2025,運輸事務人員(含稽查、調度、管理、航務),C330000000,-,-,-
2747,2025,人事事務人員,C330000000,286,36455,46.5
2748,2025,其他事務支援人員,C330000000,-,-,-
2749,2025,服務及銷售工作人員,C330000000,383,36821,48.8
2750,2025,廚師(含廚房領班),C330000000,34,42385,53.9
2751,2025,餐飲服務人員(含餐飲領班、餐食櫃台工作),C330000000,-,-,-
2752,2025,旅館管家、舍監(含房務領班),C330000000,-,-,-
2753,2025,按摩師,C330000000,---,---,---
2754,2025,商店銷售及展售人員(含門市店長),C330000000,230,33238,41.8
2755,2025,收銀員及售票員,C330000000,-,-,-
2756,2025,電話及網路行銷人員,C330000000,-,-,-
2757,2025,建築物管理員、保全及警衛人員,C330000000,117,42384,60.9
2758,2025,技藝、機械設備操作及組裝人員,C330000000,44790,33072,45.1
2759,2025,園藝及農牧業生產人員,C330000000,-,-,-
2760,2025,營建木作人員,C330000000,-,-,-
2761,2025,管道裝設人員(含檢修),C330000000,-,-,-
2762,2025,空調及冷凍機械裝修人員,C330000000,-,-,-
2763,2025,油漆、噴漆人員(含汽車鍍膜、裱糊工),C330000000,532,33197,44
2764,2025,焊接及切割人員(含電焊工、氣焊工),C330000000,737,32336,44
2765,2025,板金人員,C330000000,-,-,-
2766,2025,鍛造、錘造及鍛壓工作人員,C330000000,50,32553,47.6
2767,2025,工具製造人員(含模具工、鉗工),C330000000,510,39549,55.7
2768,2025,金屬工具機設定及操作人員,C330000000,2264,33945,53.6
2769,2025,產業用機器維修人員,C330000000,---,---,---
2770,2025,精密儀器製造及修理人員,C330000000,---,---,---
2771,2025,樂器製造及調音人員,C330000000,1103,34880,46.1
2772,2025,珠寶及貴金屬製作人員,C330000000,897,40510,57.2
2773,2025,玻璃製品製造人員,C330000000,-,-,-
2774,2025,各種材質手工藝人員,C330000000,-,-,-
2775,2025,美編、印刷及有關工作人員(含印刷前置、裝訂),C330000000,---,---,---
2776,2025,電力、電子、資通訊設備裝修人員(含水電工),C330000000,121,44549,60
2777,2025,產品分級及檢查人員,C330000000,1954,31613,41.9
2778,2025,木材處理、家具木工及有關工作人員,C330000000,---,---,---
2779,2025,服飾打樣人員,C330000000,-,-,-
2780,2025,製鞋及有關工作人員,C330000000,-,-,-
2781,2025,光學鏡片製作人員,C330000000,2437,38173,49.8
2782,2025,生產機械設備操作人員、剪裁或裁縫人員,C330000000,9145,32593,46.1
2783,2025,組裝(現場)人員,C330000000,24307,32154,43
2784,2025,小客、貨車駕駛人員,C330000000,381,35220,43.9
2785,2025,大客、貨車駕駛人員,C330000000,---,---,---
2786,2025,推土、吊車、起重機等移運設備操作人員,C330000000,-,-,-
2787,2025,其他技藝、機械設備操作及組裝人員,C330000000,-,-,-
2788,2025,基層技術工及勞力工,C330000000,1704,31296,39.7
2789,2025,清潔及家事工作人員(含建築清潔工、房務人員),C330000000,257,30201,38
2790,2025,勞力工(含理貨員、行李搬運工),C330000000,1447,31490,39.9
2791,2025,廚房幫工(含速食烹調),C330000000,-,-,-
2792,2025,抄表員及自動販賣機收款員,C330000000,-,-,-
2793,2025,停車場管理工,C330000000,-,-,-
2794,2025,主管及監督人員,C340000000,3621,100093,161.1
2795,2025,高階主管(總經理及總執行長),C340000000,369,162549,260.5
2796,2025,中階主管(經理),C340000000,1239,125509,206.3
2797,2025,監督人員(含現場及辦公室主任、科/股長),C340000000,2013,73001,115.8
2798,2025,專業人員,C340000000,5585,74987,121.9
2799,2025,品管、工管及生管工程師,C340000000,573,68206,103.2
2800,2025,環境工程師,C340000000,-,-,-
2801,2025,航空機械工程師,C340000000,604,78061,133.2
2802,2025,機械工程師(含造船、輪機、鑄造),C340000000,1803,76511,127
2803,2025,化學工程師,C340000000,---,---,---
2804,2025,光學工程師,C340000000,-,-,-
2805,2025,電機、電子工程師,C340000000,1630,79156,134.6
2806,2025,產品及服裝設計師(含工業設計),C340000000,---,---,---
2807,2025,醫師,C340000000,---,---,---
2808,2025,護理人員,C340000000,---,---,---
2809,2025,勞安及衛生管理人員(含工業安全管理師),C340000000,149,57119,94.5
2810,2025,財務及投資規劃分析人員,C340000000,-,-,-
2811,2025,專案管理師(含經營管理顧問),C340000000,226,71543,97.1
2812,2025,稽核人員,C340000000,---,---,---
2813,2025,人力資源管理師,C340000000,94,74947,116.2
2814,2025,廣告及行銷專業人員(含企劃),C340000000,118,71960,120
2815,2025,公關專業人員,C340000000,-,-,-
2816,2025,資訊及通訊專業人員(含系統分析、程式設計、資料庫及網路專業人員),C340000000,201,73727,111.6
2817,2025,律師,C340000000,-,-,-
2818,2025,翻譯人員,C340000000,-,-,-
2819,2025,其他專業人員,C340000000,-,-,-
2820,2025,技術員及助理專業人員,C340000000,9432,52187,78.3
2821,2025,營建工程技術員(含建築、土木、景觀、測量、水利、消防),C340000000,-,-,-
2822,2025,電機、電子技術員,C340000000,1782,42259,60.2
2823,2025,航空機械技術員,C340000000,1534,71621,119.6
2824,2025,機械技術員(含造船、輪機、鑄造),C340000000,1938,48234,60.7
2825,2025,化工技術員,C340000000,---,---,---
2826,2025,品管、工管及生管技術員,C340000000,761,49672,79.1
2827,2025,製圖員,C340000000,420,39536,57.6
2828,2025,環境工程技術員,C340000000,-,-,-
2829,2025,焚化爐、水處理及氣(液)體設備操作員,C340000000,---,---,---
2830,2025,航空駕駛員,C340000000,-,-,-
2831,2025,勞安及衛生技術員,C340000000,843,39255,50.3
2832,2025,其他醫療保健助理專業人員,C340000000,-,-,-
2833,2025,會計人員,C340000000,163,64275,101.1
2834,2025,工商業銷售代表(含業務員),C340000000,813,65501,106.8
2835,2025,採購員,C340000000,673,55485,80.9
2836,2025,報關員(含報驗、船務人員),C340000000,---,---,---
2837,2025,專業秘書,C340000000,188,56518,88.6
2838,2025,法務人員,C340000000,---,---,---
2839,2025,資訊管理及維護技術員,C340000000,---,---,---
2840,2025,其他技術員及助理專業人員,C340000000,-,-,-
2841,2025,事務支援人員,C340000000,5275,41426,59.8
2842,2025,總務,C340000000,397,41622,54.4
2843,2025,辦公室綜合事務人員(含資料登錄、一般事務秘書),C340000000,2392,38949,55.7
2844,2025,收帳、收費人員(含帳款催收),C340000000,-,-,-
2845,2025,接待員及服務台事務人員(含總機),C340000000,---,---,---
2846,2025,電話及網路客服人員,C340000000,-,-,-
2847,2025,醫院(診所)櫃台事務人員,C340000000,-,-,-
2848,2025,會計助理、簿記、出納,C340000000,1335,38459,53.3
2849,2025,統計、財務、證券及保險事務人員,C340000000,---,---,---
2850,2025,存貨事務人員,C340000000,499,50645,81.6
2851,2025,生產及物料規劃事務人員,C340000000,320,61019,95.8
2852,2025,運輸事務人員(含稽查、調度、管理、航務),C340000000,-,-,-
2853,2025,人事事務人員,C340000000,259,38892,54
2854,2025,服務及銷售工作人員,C340000000,---,---,---
2855,2025,廚師(含廚房領班),C340000000,-,-,-
2856,2025,按摩師,C340000000,---,---,---
2857,2025,建築物管理員、保全及警衛人員,C340000000,---,---,---
2858,2025,其他服務及銷售工作人員,C340000000,-,-,-
2859,2025,技藝、機械設備操作及組裝人員,C340000000,27679,44968,62.9
2860,2025,砌磚及有關工作人員,C340000000,-,-,-
2861,2025,其他營建構造人員(含鷹架工、鋁門窗及廣告招牌製作安裝),C340000000,-,-,-
2862,2025,絕緣材料、玻璃安裝人員,C340000000,-,-,-
2863,2025,管道裝設人員(含檢修),C340000000,-,-,-
2864,2025,空調及冷凍機械裝修人員,C340000000,---,---,---
2865,2025,油漆、噴漆人員(含汽車鍍膜、裱糊工),C340000000,680,42228,56
2866,2025,焊接及切割人員(含電焊工、氣焊工),C340000000,2706,45370,59.2
2867,2025,板金人員,C340000000,391,62501,97.3
2868,2025,鍛造、錘造及鍛壓工作人員,C340000000,-,-,-
2869,2025,工具製造人員(含模具工、鉗工),C340000000,---,---,---
2870,2025,金屬工具機設定及操作人員,C340000000,---,---,---
2871,2025,車輛維修人員(含自行車、機車、汽車、火車),C340000000,-,-,-
2872,2025,航空器維修人員,C340000000,4093,59265,103.7
2873,2025,產業用機器維修人員,C340000000,11172,41534,58.8
2874,2025,精密儀器製造及修理人員,C340000000,---,---,---
2875,2025,電力、電子、資通訊設備裝修人員(含水電工),C340000000,4244,39702,51.3
2876,2025,產品分級及檢查人員,C340000000,-,-,-
2877,2025,生產機械設備操作人員、剪裁或裁縫人員,C340000000,737,40438,53.1
2878,2025,洗衣(含鞋包)、熨燙工,C340000000,-,-,-
2879,2025,組裝(現場)人員,C340000000,2206,42473,52.2
2880,2025,小客、貨車駕駛人員,C340000000,266,57006,86.5
2881,2025,大客、貨車駕駛人員,C340000000,---,---,---
2882,2025,推土、吊車、起重機等移運設備操作人員,C340000000,---,---,---
2883,2025,船舶艙面水手及有關工作人員,C340000000,-,-,-
2884,2025,其他技藝、機械設備操作及組裝人員,C340000000,-,-,-
2885,2025,基層技術工及勞力工,C340000000,2090,33518,42
2886,2025,清潔及家事工作人員(含建築清潔工、房務人員),C340000000,---,---,---
2887,2025,勞力工(含理貨員、行李搬運工),C340000000,1636,34114,43.1
2888,2025,廚房幫工(含速食烹調),C340000000,-,-,-
2889,2025,抄表員及自動販賣機收款員,C340000000,-,-,-
2890,2025,停車場管理工,C340000000,-,-,-
